,grid_ID,People,Energy_MJ_m3,energy_savings,decentral_value,energy_savings_central,central_value
0,655,8796.85855047,5.47638185569,0.126991640803,5.82576816705,2.51822467861,8.34399284566
1,654,8435.22397817,5.36781395481,0.167064965132,5.77804022926,2.49599564012,8.27403586938
2,653,8658.51871977,5.43180577395,0.138317735359,5.80221086031,2.52095442025,8.32316528056
3,676,8205.47102894,5.34495094831,0.179943515651,5.78500157654,2.47681445596,8.2618160325
4,694,100.0,5.34495094831,-0.140651955561,5.2949277764,3.02030176156,8.31522953796
5,716,100.0,5.34495094831,-0.127063692905,5.25293544412,3.00419589783,8.25713134196
6,656,8710.47511281,5.41842394134,0.143149317304,5.79775192439,2.50602239922,8.30377432361
7,488,3208.53754141,6.19752640798,0.613715011007,5.34626965745,1.8780687328,8.23918291642
8,489,3055.87550754,6.24894113066,0.556665297191,6.40899936446,1.85434917419,8.26334853865
9,547,3329.02854214,6.168976303,0.486781756518,6.34350985705,1.9084996528,8.25200950985
10,546,3337.7862877,6.10353324322,0.4955039186,6.25561477617,1.9627274823,8.21834225847
11,486,3464.02906511,6.15804485612,0.542919309631,5.42809788792,2.07962489596,8.28357301194
12,487,3399.33724904,6.0878796553,0.533937910638,5.30299507359,2.01316944163,8.21968201183
13,485,6097.99570808,5.9096025543,0.394157004227,5.7128376958,2.21815975191,8.42458456772
14,545,3557.03690749,6.04925954106,0.407237320965,6.14525934525,2.08956351349,8.23482285875
15,484,5272.67312884,5.69919069792,0.319683321284,5.47684331771,2.28288588664,8.24671472003
16,544,5025.16631282,5.8384677313,0.261864033813,6.00534502379,2.30201606039,8.30736108418
17,543,9080.62875306,5.4972068416,0.128011853493,5.80441951205,2.54927864751,8.35369815956
18,542,5067.06284638,5.69488046229,0.211622478863,5.48390914662,2.50178465294,8.23004745032
19,510,9891.39166222,5.177254541,0.00868385610722,5.58863009577,2.65870109743,8.2473311932
20,451,9279.31130325,5.23140723908,0.0615380964378,5.49208591095,2.7564402563,8.24852616725
21,508,100.0,5.23140723908,-0.00809125156039,5.37893943907,2.86104091715,8.23998035622
22,450,100.0,5.23140723908,-0.0344749906346,5.35938126148,2.86163955966,8.22102082114
23,507,100.0,5.23140723908,-0.152332456151,5.22808903162,3.00973019929,8.23781923091
24,449,100.0,5.23140723908,-0.159181365208,5.14120799948,3.08971483621,8.23092283569
25,519,4423.96418243,5.8489058695,0.403492312116,6.20293025361,2.04496263819,8.2478928918
26,452,9330.22971602,5.31314765115,0.0550616461463,5.70304447644,2.57884574361,8.28189022004
27,715,100.0,5.31314765115,-0.168880684641,5.69158746701,2.72623518748,8.41782265449
28,490,4370.77358717,5.93592760266,0.425089491351,6.29708308284,1.97955592671,8.27663900955
29,520,4492.67866198,5.84269538336,0.472740923585,5.3711441085,2.07979059972,8.24937873632
30,617,100.0,5.84269538336,-0.234931619568,5.12803327944,3.0921701007,8.22020338015
31,646,100.0,5.84269538336,-0.241309617327,5.13285208512,3.09841317351,8.23126525863
32,386,100.0,5.84269538336,-0.235909219201,5.77833892153,2.91688700822,8.40378793276
33,357,100.0,5.84269538336,-0.208053703044,5.18325703756,3.07500377716,8.25826081473
34,387,100.0,5.84269538336,-0.205074678526,5.6958773841,3.03661296567,8.41233433257
35,388,100.0,5.84269538336,-0.212053612593,5.10147675644,3.13756888562,8.23904564206
36,269,100.0,5.84269538336,-0.175248078753,5.14724049676,3.13306611602,8.21706218842
37,483,5563.89871748,5.6670285844,0.254329013832,5.49082214214,2.40924983537,8.25128371602
38,645,100.0,5.6670285844,-0.199126808795,5.24756588234,3.02282288531,8.27038876765
39,736,9467.99819374,5.26541584343,0.0445341386357,5.57027283242,2.70056701465,8.27083984707
40,268,100.0,5.26541584343,-0.215417662207,5.11781607888,3.1202757103,8.23809178918
41,521,5907.47921261,5.81385180168,0.338430328516,5.6516825582,2.17807342428,8.36257181361
42,737,100.0,5.81385180168,-0.236067973684,5.46437124369,2.97230653737,8.43667778105
43,757,100.0,5.81385180168,-0.234035861222,5.42683031397,3.01046087284,8.43729118682
44,758,100.0,5.81385180168,-0.276501881654,5.38324736512,3.14690426219,8.53015162731
45,693,9901.44234424,5.57546139055,0.0323359789351,5.8433684287,2.58242828431,8.42579671301
46,644,100.0,5.57546139055,-0.097365593106,5.39875304459,2.85716230543,8.25591535002
47,616,100.0,5.57546139055,-0.16405711694,5.24574195564,2.99630008448,8.24204204013
48,756,100.0,5.57546139055,-0.16573676381,5.2730360807,3.0468236905,8.3198597712
49,669,100.0,5.57546139055,-0.193885105069,5.51016269589,2.86323254387,8.37339523976
50,670,100.0,5.57546139055,-0.27019337137,5.47759896838,2.95693359446,8.34393846797
51,540,9463.8250439,5.3813848439,0.042538745056,5.74240964236,2.57010659515,8.3125162375
52,668,6600.71530996,5.63156452901,-0.0836107010417,5.59960535867,2.7185165288,8.31812188747
53,773,100.0,5.63156452901,-0.141786810031,5.12684150005,3.0982129934,8.22505449345
54,714,9134.54877696,5.84574098415,0.16887041133,5.6933415113,2.35938597995,8.49825201183
55,526,100.0,5.84574098415,-0.333655846332,5.10885970406,3.17581868621,8.28467839026
56,502,100.0,5.84574098415,-0.342678498131,4.93417701088,3.27740080129,8.21157781217
57,503,100.0,5.84574098415,-0.382999059721,5.13454496905,3.28919017738,8.20874723563
58,530,100.0,5.84574098415,-0.386007448483,5.13592354144,3.30111957469,8.20765708527
59,592,100.0,5.84574098415,-0.377588492028,4.88038954893,3.3364458228,8.21683537173
60,561,100.0,5.84574098415,-0.396236002255,5.13878073754,3.23626020887,8.20819156011
61,531,100.0,5.84574098415,-0.373725742956,4.91477028759,3.30019162882,8.21496191641
62,563,100.0,5.84574098415,-0.440293246034,4.8769916368,3.32609738174,8.20308901854
63,562,100.0,5.84574098415,-0.442582237008,4.86587892387,3.33673851581,8.20261743968
64,476,100.0,5.84574098415,-0.274147637837,4.9744165344,3.26118064023,8.23559717463
65,474,100.0,5.84574098415,-0.26235040954,5.29138384768,3.12210419968,8.41348804736
66,690,9531.2187953,5.41610774238,0.0583155681553,5.83331700703,2.49212940502,8.32544641205
67,556,100.0,5.41610774238,-0.249656420753,5.23258376525,3.04276213142,8.27534589668
68,501,100.0,5.41610774238,-0.372409803448,5.22208238638,3.30033790787,8.2689246051
69,591,100.0,5.41610774238,-0.409313231369,4.97337779908,3.23477072424,8.20814852332
70,525,100.0,5.41610774238,-0.179004902157,5.36670732796,2.98111646481,8.3621540767
71,667,100.0,5.41610774238,-0.100294240397,5.66221120074,2.72991585924,8.39212705998
72,497,100.0,5.41610774238,-0.330899992022,5.08623623063,3.18976297707,8.27599920769
73,509,9934.42227793,5.19774805363,0.00635571542841,5.52973929425,2.75466545386,8.2844047481
74,738,100.0,5.19774805363,-0.218253118128,5.06280687436,3.20942585851,8.27223273287
75,717,100.0,5.19774805363,-0.230884711383,5.14291155279,3.13533153161,8.22800240625
76,718,100.0,5.19774805363,-0.447585746786,4.87452706717,3.34950863466,8.22403570183
77,739,100.0,5.19774805363,-0.286051813679,5.01438934561,3.20541624893,8.21980559453
78,468,100.0,5.19774805363,-0.288011107405,5.14424397124,3.10306516075,8.24730913199
79,775,100.0,5.19774805363,-0.297542743202,5.24286071939,3.1857182015,8.4285789209
80,638,9590.74417185,5.41288941817,0.0397517639166,5.90417342982,2.50707068128,8.4112441111
81,639,100.0,5.41288941817,-0.0368360851964,5.69456273257,2.64807068947,8.34263342204
82,666,9279.55128162,5.47108301427,0.0697647272615,6.04452842475,2.38521487143,8.42974329618
83,640,9185.69966343,5.19569380784,-0.0485827286678,5.59792608461,2.65137905534,8.24930513995
84,641,100.0,5.19569380784,-0.0706993762926,5.32945419719,2.69871050061,8.29872288435
85,439,100.0,5.19569380784,-0.271061854931,5.23421657222,3.08770110361,8.32191767583
86,665,100.0,5.19569380784,-0.0345282132535,5.83118035442,2.58217950333,8.41335985774
87,524,100.0,5.19569380784,-0.111547647123,5.3452836359,2.83240608896,8.34365959628
88,642,100.0,5.19569380784,-0.0609526452628,5.8374071922,2.55928566717,8.39669285937
89,643,100.0,5.19569380784,-0.152232500815,5.71471769818,2.68718419356,8.40190189174
90,735,100.0,5.19569380784,-0.0927083801504,5.81359634448,2.85818749523,8.67178383971
91,713,7872.29175449,5.72462230921,0.280156381427,6.28021871604,2.18881595277,8.46903466881
92,734,9040.16363038,5.62220374206,0.105649939399,6.045473738,2.48768074664,8.53315448465
93,712,9959.97126173,5.37990410031,0.00400062663434,5.74806096087,2.68863890696,8.43669986783
94,553,100.0,5.37990410031,-0.0112084546102,5.81057157503,2.61917275275,8.42974432777
95,583,100.0,5.37990410031,-0.0637226247755,5.80433922105,2.62592083055,8.4302600516
96,615,100.0,5.37990410031,-0.178770901571,5.35938862031,2.93951235558,8.39804831276
97,554,100.0,5.37990410031,-0.0376121626106,5.85174195909,2.55596073071,8.4077026898
98,612,100.0,5.37990410031,-0.091926502733,5.37615839924,2.73377026545,8.34304913849
99,613,100.0,5.37990410031,-0.0661278568018,5.20615469731,2.85984345637,8.29637485777
100,614,100.0,5.37990410031,-0.185476723844,5.39243799091,2.90239843177,8.38968945545
101,586,100.0,5.37990410031,-0.184509569212,5.28887801523,2.96929016892,8.25816818415
102,154,100.0,5.37990410031,-0.422171083049,5.45464218298,3.18635839005,8.40033848312
103,123,100.0,5.37990410031,-0.365372496215,5.36110131824,3.20788914404,8.40140273237
104,692,8934.78349715,5.61578009255,0.157084216221,6.22722127369,2.27212928589,8.49935055959
105,691,9430.0262521,5.53338535203,0.0784726598141,6.00722847986,2.49949515493,8.5067236348
106,584,100.0,5.53338535203,-0.196223580813,5.56302889504,2.91695794661,8.47998684166
107,555,100.0,5.53338535203,-0.228973069774,5.49503843031,2.90731756527,8.43366636354
108,383,100.0,5.53338535203,-0.255184773983,5.1610494336,3.08853123207,8.24958066568
109,412,100.0,5.53338535203,-0.267714979175,5.15631804751,3.13412797239,8.26188110487
110,774,100.0,5.53338535203,-0.275927709988,5.31508710553,3.17014747136,8.48523457689
111,620,100.0,5.53338535203,-0.326021831093,5.02056860737,3.23077318395,8.25134179132
112,649,100.0,5.53338535203,-0.325514712835,5.20155358674,3.15488981069,8.35644339743
113,648,100.0,5.53338535203,-0.287482185698,5.04140634573,3.22845987059,8.26986621632
114,621,100.0,5.53338535203,-0.341181828194,4.96815977182,3.31949043466,8.28765020648
115,650,100.0,5.53338535203,-0.438132482468,5.05844966983,3.34715728984,8.40560695967
116,674,100.0,5.53338535203,-0.437368202984,4.99383497766,3.38260162892,8.37643660658
117,673,100.0,5.53338535203,-0.390269045821,5.0761815415,3.28206195097,8.35824349247
118,622,100.0,5.53338535203,-0.356857259833,4.93099662911,3.35841676171,8.28941339083
119,593,100.0,5.53338535203,-0.395469978383,4.85563441184,3.40759881207,8.26323322391
120,696,100.0,5.53338535203,-0.425759900683,4.91413351915,3.33004685793,8.24418037708
121,697,100.0,5.53338535203,-0.392875148876,4.87107595514,3.38100776336,8.2520837185
122,675,100.0,5.53338535203,-0.43830659016,5.13972915035,3.40021006327,8.24760055393
123,623,100.0,5.53338535203,-0.461242437452,4.83513756401,3.40566021282,8.24079777683
124,651,100.0,5.53338535203,-0.453129402413,4.86372750205,3.37497941606,8.23870691812
125,438,100.0,5.53338535203,-0.349133408738,5.54642538096,3.0426471326,8.47757918048
126,467,100.0,5.53338535203,-0.236916910333,5.24364368008,3.06962348337,8.31326716345
127,382,100.0,5.53338535203,-0.195420160588,5.25066938481,3.01426776932,8.26493715413
128,411,100.0,5.53338535203,-0.230973337214,5.21344046638,3.05880434001,8.27224480639
129,551,7556.87137476,5.40872278058,0.279902022268,6.05210495028,2.23023488718,8.28233983746
130,752,100.0,5.40872278058,-0.0490019753831,5.43208556885,2.89240896364,8.32449453249
131,751,100.0,5.40872278058,-0.026229042553,5.47974043268,2.80818386872,8.2879243014
132,585,100.0,5.40872278058,-0.123991236603,5.51800549117,2.83946456275,8.35747005392
133,442,100.0,5.40872278058,-0.342176004604,5.14116586167,3.22540254674,8.36656840841
134,471,100.0,5.40872278058,-0.307880102327,5.1681082392,3.16585854548,8.33396678468
135,496,100.0,5.40872278058,-0.203841775243,5.37970026643,2.95177581373,8.33147608016
136,598,5180.25186538,6.07309820671,0.645313425917,5.57825305713,1.87258036716,8.43367862398
137,597,5154.32034505,6.03109058662,0.636394177844,5.53880981646,1.87054667901,8.43692342477
138,596,8317.78077997,5.7184532819,0.247579446139,6.2076092199,2.3409064554,8.5485156753
139,413,100.0,5.7184532819,-0.288533267693,5.15218560975,3.13066286267,8.28284847242
140,384,100.0,5.7184532819,-0.145616523102,5.18131055944,2.93660122407,8.24426083498
141,599,5633.04356901,5.89093002835,0.375618427201,6.44500466648,1.97950048522,8.4245051517
142,410,100.0,5.89093002835,-0.276259480629,5.47547777854,3.01038380493,8.44376838649
143,21,100.0,5.89093002835,-0.198722402633,5.35802555627,2.89323241943,8.35203166461
144,755,100.0,5.89093002835,-0.26825915477,5.74063196161,3.18136954871,8.85573151705
145,772,100.0,5.89093002835,-0.248717189232,5.35076691775,3.12708380883,8.47785072658
146,293,9469.4308503,5.84325170622,0.0279208388503,6.19084169831,2.75704856385,8.94789026216
147,352,100.0,5.84325170622,-0.13306267662,5.49336947701,2.90037242223,8.46105036901
148,322,100.0,5.84325170622,-0.00291462628531,5.54308520926,2.78322590241,8.32631111167
149,323,100.0,5.84325170622,-0.204245118641,5.78370021061,3.12724338696,8.91094359758
150,552,8425.70211839,5.34147643828,0.167382342486,5.91474593291,2.41360807806,8.32835401098
151,689,7782.75593516,5.74877862008,0.293591313274,6.42706055767,2.11358587828,8.54064643595
152,133,9126.91844392,5.35205736232,0.0877860951806,5.78986478124,2.60340894887,8.39327373012
153,732,100.0,5.35205736232,-0.0490722251977,5.48998824462,2.88256532507,8.37255356969
154,458,5635.26685923,5.86794128205,0.469035417872,6.36093067472,2.01072164724,8.37165232196
155,457,4547.89378142,6.04731509872,0.434747843487,6.2928135272,2.06771928031,8.36053280751
156,381,100.0,6.04731509872,-0.210438957839,5.47125296627,2.92184968045,8.44855977661
157,601,8990.2910699,5.28219179678,0.104642161562,5.73003882957,2.60267762486,8.33271645443
158,629,8899.42229939,5.28994811354,0.114388980133,5.76524693188,2.56637461584,8.33162154772
159,385,100.0,5.28994811354,-0.136710310282,5.34712050601,2.97801724837,8.32513775438
160,618,100.0,5.28994811354,-0.287139032349,5.0740060126,3.2128738653,8.2868798779
161,166,9228.94813413,5.81410313116,0.147962379279,6.24317590243,2.48102992492,8.72420582735
162,602,7563.94358332,5.39915184719,0.135817682655,5.27039546131,2.59077075535,8.28986614068
163,731,100.0,5.39915184719,-0.038486729438,5.52201931665,2.84605942335,8.36807874
164,711,100.0,5.39915184719,-0.00335046173881,5.88234767181,2.7171134682,8.59946114001
165,730,100.0,5.39915184719,-0.0368222058318,5.53346699803,2.83907515286,8.37254215089
166,733,100.0,5.39915184719,-0.0480127294198,5.8474190252,2.80609050804,8.65350953325
167,131,8040.6222579,5.41689766119,0.211764511267,5.96215176957,2.39311928714,8.35527105672
168,100,8255.71145934,5.40991832962,0.186687411482,5.92581483336,2.44397352566,8.36978835901
169,132,7468.42791318,5.43077134334,0.14365064699,5.2909304828,2.54940352939,8.30461482972
170,101,8629.66500444,5.35234786299,0.142104803451,5.83928573597,2.51983527386,8.35912100983
171,70,7799.70026761,5.44138469441,0.244021598168,5.99664157457,2.35549997483,8.3521415494
172,71,4703.30255542,6.09114019274,0.373151718722,5.58336525407,2.0979038288,8.44360494094
173,627,5148.41577798,6.00331758097,0.448128806711,6.52166369214,1.94665368087,8.46831737301
174,165,9994.83500212,5.44805281603,0.000495649242731,5.84563759947,2.6582187661,8.50385636557
175,658,8300.65989152,5.59253748448,0.184793686778,6.13119913338,2.35805448265,8.48925361603
176,634,6720.19434845,5.56814638068,0.252210271407,5.99183500823,2.30982077328,8.30165578151
177,657,9149.51171844,5.41035461126,0.0875235017896,5.87373218827,2.57989614848,8.45362833676
178,633,7172.16649207,5.49453676747,0.189219975466,5.87850979287,2.42359700978,8.30210680265
179,459,4118.95050326,6.42157948787,0.583117045156,5.70001307353,1.8654424468,8.50310658387
180,580,5745.10842829,6.03020365823,0.42152975022,5.78089638816,2.00006101478,8.56594149634
181,550,5925.65154565,5.85131512466,0.308932967865,6.32079351119,2.11342594181,8.434219453
182,581,7654.22140673,5.56707513593,0.258193772618,6.25034530967,2.19167432942,8.44201963909
183,582,8840.68379564,5.48756127511,0.117461679036,6.09003412948,2.3663611038,8.45639523328
184,440,100.0,5.48756127511,-0.301468119386,5.18878709859,3.20360563714,8.30967759286
185,470,100.0,5.48756127511,-0.282341916217,5.07585631583,3.21998136878,8.29583768462
186,441,100.0,5.48756127511,-0.275321327722,5.08623601089,3.20262799647,8.28886400736
187,469,100.0,5.48756127511,-0.292165035806,5.0303452798,3.24305776981,8.27340304961
188,292,100.0,5.48756127511,-0.0885655572392,5.68118378436,2.78566989797,8.46685368233
189,549,5762.43991038,5.87067890356,0.373038553271,6.43230109419,2.01356645728,8.44586755147
190,632,8883.84120269,5.29498454886,0.116286584853,5.77950001807,2.56761216997,8.34711218804
191,69,8084.33141277,5.42017834036,0.207465107934,5.95489409917,2.42017180796,8.37506590713
192,12,3056.52211224,6.49060548678,0.645852747328,5.528196204,1.75746037931,8.41374829404
193,40,5967.8029839,5.87947318128,0.299546124322,6.30203320374,2.18542435394,8.48745755768
194,238,100.0,5.87947318128,-0.196683696809,5.64929179067,3.01838466883,8.6676764595
195,237,100.0,5.87947318128,-0.137422665572,5.43764697453,2.98457372024,8.42222069477
196,270,100.0,5.87947318128,-0.221614884628,5.38983081793,3.15312338931,8.54295420724
197,300,100.0,5.87947318128,-0.2557078973,5.0061690135,3.25887327365,8.26504228716
198,236,100.0,5.87947318128,-0.232391244062,5.6708744515,2.98530022805,8.65617467955
199,49,100.0,5.87947318128,-0.228485494464,5.67093683451,2.88527604878,8.55621288329
200,22,100.0,5.87947318128,-0.202910356463,5.31802624874,2.93083902206,8.34430131015
201,606,6868.09346492,5.53837330978,0.238600978184,5.89732229155,2.40816920973,8.30549150128
202,78,9274.77746954,5.66284948928,0.0692489312601,6.2539885436,2.44934122417,8.70332976777
203,41,5689.0118199,5.88877133899,0.413194916901,5.62447613308,2.06183338206,8.46402306453
204,102,8839.18704416,5.57615277957,0.11855196789,6.07054581606,2.47013675687,8.54068257294
205,495,100.0,5.57615277957,-0.122796762808,5.36222418433,2.83363957931,8.42574379012
206,10,6882.8605428,5.98588296398,0.287396772696,5.7914854117,2.19531150098,8.66550901734
207,139,100.0,5.98588296398,-0.208012422018,5.69144046009,2.9582357451,8.64967620519
208,170,100.0,5.98588296398,-0.17601470365,5.37333088515,2.9802823368,8.43448285736
209,140,100.0,5.98588296398,-0.385356738199,5.51472151431,3.25341528404,8.76813679834
210,171,100.0,5.98588296398,-0.226573607496,5.2157275054,3.10825067812,8.32397818352
211,201,100.0,5.98588296398,-0.301536638284,5.26362897536,3.17603007308,8.43965904844
212,461,5261.68088842,6.43230166359,0.792735133711,5.9269496437,1.88421726835,8.78406874906
213,462,4948.77118408,6.10803719105,0.637563819745,5.72170992431,1.79657686976,8.54354767534
214,491,5348.91076062,5.92564596278,0.409335719554,6.47529473416,1.98245980044,8.4577545346
215,202,100.0,5.92564596278,-0.208817542134,5.27411506844,3.05010527491,8.32422034335
216,172,100.0,5.92564596278,-0.249645588743,5.17569045561,3.11705741391,8.29274786952
217,263,9309.0394347,5.56798415595,0.117880906359,6.07487943469,2.49831025769,8.57318969238
218,230,100.0,5.56798415595,-0.233771607671,5.60764469939,3.09124172891,8.6988864283
219,231,100.0,5.56798415595,-0.305629917346,5.60339783121,3.13357155214,8.73696938335
220,768,100.0,5.56798415595,-0.0359211518926,5.43984714338,2.87159035284,8.31143749622
221,262,9326.21178072,5.55527195686,0.116665629299,6.0221564014,2.54302641174,8.56518281314
222,522,8645.93446376,5.9688301871,0.328055924587,6.55444736981,2.31250824462,8.86695561443
223,234,100.0,5.9688301871,-0.258273503065,5.38658093513,3.13157104771,8.51815198284
224,588,100.0,5.9688301871,-0.287704662187,5.16700236582,3.22270659936,8.30355707449
225,558,100.0,5.9688301871,-0.288970405696,5.16213732014,3.17244263458,8.29956672257
226,589,100.0,5.9688301871,-0.322765239663,4.97761713399,3.30897947547,8.28659660946
227,619,100.0,5.9688301871,-0.322023296162,5.02788760588,3.26765461929,8.29554222517
228,529,100.0,5.9688301871,-0.313794614033,5.00187920322,3.27456683517,8.27644603838
229,559,100.0,5.9688301871,-0.310070768793,5.03107533905,3.24711106274,8.27818640179
230,528,100.0,5.9688301871,-0.325891966368,5.12454914014,3.14933140548,8.27388054563
231,560,100.0,5.9688301871,-0.394178103986,4.96346667567,3.30808540043,8.2715520761
232,590,100.0,5.9688301871,-0.395700892803,4.98164756042,3.29057464309,8.27222220351
233,13,3028.13141005,6.57418619355,0.656435660003,5.57266077984,1.70967531799,8.42906620718
234,11,3143.71819409,6.46657282931,0.709888799249,5.45329267725,1.79785061168,8.41349913876
235,173,100.0,6.46657282931,-0.195908970283,5.27298459494,3.05552126067,8.32850585561
236,686,7804.51097362,5.66057514959,0.238176399242,6.38217721066,2.14075983026,8.52293704092
237,127,8602.45676361,5.35825362538,0.143775643671,6.01327653083,2.37212118911,8.38539771994
238,685,5912.43933133,5.98032944192,0.322109582414,6.45396479318,2.12485365459,8.57881844777
239,663,100.0,5.98032944192,-0.0145957841548,5.7881642271,2.66172963686,8.44989386396
240,664,100.0,5.98032944192,-0.0245441542656,5.71851729276,2.6933204629,8.41183775567
241,753,100.0,5.98032944192,-0.0485442984886,5.49573612497,2.90028251533,8.3960186403
242,754,100.0,5.98032944192,-0.0725047858217,5.87566619001,2.87036772027,8.74603391028
243,770,100.0,5.98032944192,-0.115037123022,5.5459578362,2.9606702939,8.5066281301
244,771,100.0,5.98032944192,-0.257121885899,5.47009667181,3.07426710613,8.54436377794
245,576,6310.05644244,5.68595266777,0.27316800879,6.0635785482,2.31112159464,8.37470014284
246,577,6539.53111379,5.63213536701,0.279710316389,6.02633561919,2.31899252419,8.34532814338
247,605,7040.4960851,5.50690193223,0.21465567368,5.8537167829,2.45529704343,8.30901382633
248,267,100.0,5.50690193223,-0.244603785146,5.36370957025,3.19306356964,8.5567731399
249,266,100.0,5.50690193223,-0.231751967743,5.44940431344,3.11308414693,8.56248846037
250,129,6109.2757109,5.73195701455,0.352262439038,5.500302952,2.08765000967,8.40658534637
251,688,8664.40350377,5.62761800626,0.18731278607,6.27933284653,2.30718745165,8.58652029818
252,687,8879.95878672,5.47367334363,0.114204425182,6.07942668762,2.40142862256,8.48085531018
253,43,5130.49933654,6.02047713379,0.367353762799,6.25483907419,2.18473090322,8.43956997742
254,604,7257.42456421,5.45537283701,0.151453107672,5.77740271121,2.54944786377,8.32685057498
255,15,4851.96937233,6.32412705138,0.789740309898,5.78695598484,1.83660276359,8.68709053218
256,14,3448.50461737,6.68045064751,0.727651662662,5.68043595286,1.7380574442,8.57855061171
257,16,4954.30818934,6.34551319307,0.754611109003,5.84109077472,1.69910726642,8.73508535186
258,42,5789.69260621,5.90904550903,0.3849974591,5.66644581808,2.17237797569,8.51541642508
259,9,9481.57247077,5.54856383434,0.100588880802,6.21929015453,2.37248212318,8.5917722777
260,142,100.0,5.54856383434,-0.191778554354,5.24007968961,3.05734454664,8.29742423626
261,575,7922.38974754,5.4322093692,0.230281011449,6.00130645527,2.38800779921,8.38931425448
262,603,7472.08237126,5.43549810886,0.145584943684,5.29616393105,2.57077227872,8.33768396629
263,631,7473.34448868,5.42849924749,0.145308563104,5.2898328248,2.57404875329,8.33231336542
264,630,8923.93837977,5.28904954158,0.111843174805,5.76737592496,2.59400065652,8.36137658148
265,135,5238.44436827,6.29440575018,0.625020623472,5.86662041715,1.85690306317,8.76399409998
266,103,5145.76016446,6.01400259757,0.390585092444,5.53405070381,2.15713262952,8.44230289407
267,134,6542.11829325,5.75082618787,0.232872314616,5.59329155628,2.36437335909,8.46020930501
268,456,4928.04946712,5.9665317275,0.315579488184,6.19752076757,2.23343157361,8.43095234118
269,455,5424.50994863,5.88011160427,0.316920761789,6.17701113258,2.20643217904,8.38344331162
270,20,100.0,5.88011160427,-0.252949418025,5.62208558598,2.88241348657,8.50449907255
271,64,6903.68827207,6.03271587401,0.29103474818,5.83653675598,2.21831955857,8.74494809083
272,37,9247.61966648,5.43479966526,0.074428505342,6.07993884613,2.40979664273,8.48973548886
273,36,100.0,5.43479966526,-0.0452614029679,5.69079945513,2.71556042582,8.59729186709
274,65,2870.23015821,6.95743010112,0.842151801307,5.77020215759,1.67723338759,8.66989073178
275,548,4292.66830016,6.14677822473,0.467190989446,6.57161183195,1.8891706761,8.46078250805
276,578,7367.11153987,5.53187244125,0.307159280408,6.14798618915,2.27397544571,8.42196163486
277,574,8688.39922793,5.3469665247,0.138245427506,5.8398348816,2.56333991793,8.40317479953
278,63,100.0,5.3469665247,-0.0956329910567,5.99118004408,2.59611237977,8.58729242385
279,164,9830.72989571,5.24804795129,0.0161747864462,5.66800446796,2.75013561709,8.41814008505
280,196,100.0,5.24804795129,-0.00557932922136,5.40044192935,2.78276423602,8.44427029835
281,163,9307.88835788,5.26157596539,0.0688112726068,5.71126324477,2.67503153359,8.38629477836
282,232,100.0,5.26157596539,-0.252259926434,5.42492193021,3.11992321279,8.544845143
283,748,100.0,5.26157596539,-0.0301078804907,5.49424055927,2.86088379168,8.35512435095
284,750,100.0,5.26157596539,-0.0468294445569,5.40155524699,2.91090765537,8.31246290236
285,749,100.0,5.26157596539,-0.0750981698215,5.15489066154,2.85988017717,8.30665523221
286,767,100.0,5.26157596539,-0.0146400846999,5.54421303915,2.77201640745,8.3162294466
287,766,100.0,5.26157596539,-0.0180661636481,5.51538607531,2.7969304114,8.31231648671
288,765,100.0,5.26157596539,-0.084955226358,5.47458112732,2.8297334782,8.30431460552
289,570,7802.61233844,5.49296916629,0.244274394842,6.05767102055,2.38605503524,8.44372605579
290,569,8198.65499516,5.49723791565,0.193001548642,6.04382715179,2.41510957123,8.45893672302
291,539,100.0,5.49723791565,-0.00792651799697,5.39829805953,2.7809000843,8.44460561299
292,141,100.0,5.49723791565,-0.260638053459,5.30283401316,3.14200962802,8.44484364118
293,197,100.0,5.49723791565,-0.0298099082018,5.4041303648,2.69855433499,8.46506292043
294,68,8156.69977874,5.78388915434,0.27063114787,6.37115289923,2.33207432182,8.70322722105
295,35,100.0,5.78388915434,-0.227938570672,5.5964559166,2.90367552986,8.50013144646
296,167,8799.80717407,5.85476016325,0.135948037555,6.39964833751,2.49191232261,8.89156066012
297,198,100.0,5.85476016325,-0.246234321618,5.55764059478,3.10249069669,8.59777954854
298,229,9334.9447415,5.46993680892,0.0644336692948,5.98923999316,2.55405872248,8.54329871564
299,199,100.0,5.46993680892,-0.275164660939,5.6855934284,3.12998549507,8.72802201655
300,93,100.0,5.46993680892,-0.234424956063,5.38547436546,3.0100145513,8.43588788881
301,61,100.0,5.46993680892,-0.202022155279,5.24232086307,2.92775948476,8.39908508871
302,62,100.0,5.46993680892,-0.322224714048,5.45172780642,3.09400078425,8.46231362826
303,92,100.0,5.46993680892,-0.227989251753,5.21194608191,3.05850724477,8.3662409786
304,91,100.0,5.46993680892,-0.261602469718,5.18056875451,3.16589475529,8.3464635098
305,60,100.0,5.46993680892,-0.366967892258,5.33986117644,3.23817055362,8.45406819938
306,122,100.0,5.46993680892,-0.321916729106,5.16070117675,3.26102126004,8.42172243679
307,205,100.0,5.46993680892,-0.206437378176,5.40796688245,3.04094622048,8.44891310294
308,233,100.0,5.46993680892,-0.27133938627,5.20560894722,3.23863859851,8.44424754573
309,351,100.0,5.46993680892,-0.0241626617527,5.68711969119,2.80279617118,8.50099098636
310,321,9118.98896619,5.32343399478,-0.0634130763117,5.65201086301,2.77808321825,8.43009408126
311,200,100.0,5.32343399478,-0.184742031735,5.5204705151,3.09438239039,8.61485290548
312,169,100.0,5.32343399478,-0.053044134395,5.62569894056,2.80688932978,8.44826064204
313,294,8748.88993129,5.92559995012,0.0697900599749,6.46398685226,2.6317008262,9.09568767846
314,264,100.0,5.92559995012,-0.0848112445142,5.76665742801,2.86462914793,8.63128657594
315,295,100.0,5.92559995012,-0.316978815387,5.77652773974,3.20382444042,8.98035218017
316,353,100.0,5.92559995012,-0.226057057873,5.23250084126,3.09298980883,8.32549065009
317,354,100.0,5.92559995012,-0.141320064735,5.32934171153,3.0040374783,8.33337918983
318,324,100.0,5.92559995012,-0.197641031445,5.97885036928,3.21707058923,9.10177758212
319,325,100.0,5.92559995012,-0.292157880731,5.65777370898,3.10965008907,8.76742379805
320,265,100.0,5.92559995012,-0.214004423097,5.5309649258,3.10381323653,8.63477816233
321,572,9085.34435583,5.3429334305,0.0933872590208,5.8045719493,2.64156278961,8.4461347389
322,573,8966.03386978,5.26609811338,0.107218120679,5.7271306888,2.63247539163,8.35960608043
323,414,100.0,5.26609811338,-0.212966578787,5.68095845684,3.02301995638,8.70397841322
324,492,5091.89723422,6.26768680735,0.728691900785,5.8174599962,1.96577291963,8.75736170954
325,493,5613.52488146,6.42781264486,0.640020126945,6.9794348517,1.96859402285,8.94802887455
326,110,100.0,6.42781264486,-0.334666238994,5.63643344134,3.15847937198,8.79491281332
327,607,7398.99117131,5.50025477405,0.303997546692,6.10870737574,2.2999755465,8.40868292224
328,729,100.0,5.50025477405,-0.0324304835297,5.71802123719,2.78397386535,8.50199510254
329,380,100.0,5.50025477405,-0.138064251755,5.83516532293,2.73254409968,8.56770942262
330,571,7689.36837764,5.55310034026,0.256717160164,6.16568867443,2.29603415385,8.46172282828
331,600,9081.52800043,5.39977378757,0.0937575453156,5.89523208166,2.57362381938,8.46885590104
332,541,8899.00373748,5.4080698313,0.108970229164,5.99548444112,2.46321848301,8.45870292413
333,44,8848.00259031,5.38012625495,0.117572941502,6.04427845816,2.41684539907,8.46112385723
334,706,100.0,5.38012625495,-0.054558704843,6.01753386462,2.77210669303,8.78964055765
335,727,100.0,5.38012625495,-0.105189851115,5.41796324088,3.0007067239,8.5312092306
336,728,100.0,5.38012625495,-0.0612890726036,5.58272377144,2.91540486097,8.49812863241
337,99,5842.35074108,5.98654160305,0.381979290087,6.46227431744,2.16590306721,8.62817738465
338,610,5620.10151212,5.920346454,0.348515255027,6.42476738161,2.1179823375,8.5427497191
339,579,5146.0259289,6.14621224787,0.506648150131,6.7246676543,1.9482258817,8.672893536
340,611,100.0,6.14621224787,-0.000612117143391,6.00938268156,2.62850021427,8.63788289583
341,609,5320.47309244,6.17253810963,0.484093880137,6.77726145569,1.94676937539,8.72403083108
342,39,5363.27716214,6.11909866257,0.501015334524,6.76568542433,1.91737081244,8.68305623677
343,204,100.0,6.11909866257,-0.298497607434,5.75353291938,3.08320908125,8.6317183793
344,235,100.0,6.11909866257,-0.109290778401,5.6801231108,2.89432252106,8.56684046841
345,203,100.0,6.11909866257,-0.285366863284,5.46139098359,3.16102540557,8.57241973094
346,206,100.0,6.11909866257,-0.335176528555,5.50293830761,3.21240109392,8.71533940153
347,175,100.0,6.11909866257,-0.178844409652,5.35243466289,3.00476005296,8.35719471586
348,174,100.0,6.11909866257,-0.196917943749,5.27269539357,3.08382630894,8.35652170251
349,112,100.0,6.11909866257,-0.188889912844,5.44516606818,2.99009938211,8.43526545029
350,113,100.0,6.11909866257,-0.194777316892,5.3918209646,3.05567707093,8.44749803554
351,143,100.0,6.11909866257,-0.244427306685,5.24819446968,3.04011846382,8.2883129335
352,168,7154.86188477,5.70228628166,0.183055528148,5.57690574721,2.35616425691,8.53523904812
353,466,100.0,5.70228628166,-0.139341413693,5.42327236658,3.0209918188,8.44426418538
354,66,2558.70816534,6.86578575898,0.940127595978,5.56163249418,1.55391134535,8.52360389134
355,67,2715.99260804,6.96072939007,0.915056713676,5.67902009437,1.65491976492,8.62791180079
356,98,5514.21064922,5.9385176176,0.548003524578,5.59003457781,1.87132643593,8.5487393462
357,97,5837.506397,5.8727790871,0.474235457473,5.57363516895,2.01656159576,8.53408611326
358,130,5763.9626648,5.9434446329,0.387009376642,5.69708879851,2.14766478792,8.58734796727
359,436,100.0,5.9434446329,-0.208557995255,5.82719741491,2.95698318761,8.58239405983
360,437,100.0,5.9434446329,-0.303973287183,5.73250635752,3.1276634845,8.86016984201
361,465,100.0,5.9434446329,-0.182181218391,5.99322331224,2.92814686299,8.92137017523
362,17,5115.66489594,6.21932169008,0.667153470039,5.80267711802,1.8628119355,8.74019429799
363,72,4379.54025048,6.11601638422,0.493617158079,5.57975811462,1.97318569924,8.48411207704
364,38,3282.61482191,6.43302360805,0.717437556989,5.43461384731,1.81721610428,8.4412271431
365,608,7380.90702087,5.91111784531,0.357554447031,6.57878036584,2.19543693869,8.77421730452
366,195,100.0,5.91111784531,-0.0141917035014,5.9114337555,2.80684737415,8.71828112964
367,355,100.0,5.91111784531,-0.220744699984,5.38323129298,3.11113562862,8.4943669216
368,128,6412.81741903,5.65147238999,0.291564350027,5.45547473461,2.22994154766,8.40674092161
369,109,100.0,5.65147238999,-0.159533491886,5.92973702978,2.93466020736,8.8996838527
370,379,9258.21027145,5.54599956798,0.122239663548,6.07575022855,2.55852986438,8.63428009294
371,48,100.0,5.54599956798,-0.236039464778,5.69140771234,2.95970164711,8.65110935946
372,408,7139.48087915,5.96778308525,0.234460768341,5.80566272838,2.3330395805,8.78668056185
373,409,100.0,5.96778308525,-0.130841679411,5.87780933951,2.86103958559,8.7388489251
374,73,5199.95394558,6.09900272994,0.62001063346,5.69679219892,1.85496800991,8.66275710009
375,47,100.0,6.09900272994,-0.255003319647,5.57497125856,2.94724245433,8.52221371289
376,136,5062.87602271,6.23199582424,0.635601497937,5.79874560761,1.93810023935,8.7584777123
377,105,5039.86806731,6.28562561862,0.673703307249,5.81528121833,1.91675004258,8.79889649185
378,104,3416.85382154,6.59106368587,0.710130047307,5.65198477267,1.76576334875,8.62209854604
379,18,8878.6065935,5.80958423314,0.107015911482,6.5513133962,2.38322736704,8.93454076324
380,45,9115.03345742,5.48855867654,0.0893567267838,6.17445244006,2.40179061399,8.57624305406
381,19,8844.14392587,5.66178729901,0.151457325783,6.44794514363,2.29413363657,8.7420787802
382,106,6661.82080197,6.13925781366,0.321509014982,5.92194803233,2.25885698091,8.90459521542
383,137,8803.68222418,5.57543669996,0.121981547305,6.18994381755,2.43497776791,8.62492158546
384,76,8111.0574933,5.96717508358,-0.0780727098594,6.32285208198,2.62768698959,8.95053907157
385,77,100.0,5.96717508358,-0.0230009977278,6.31397398498,2.67933978237,8.99331376735
386,108,9373.47670322,5.69288238853,0.0616263068311,6.26022954604,2.60213349121,8.86236303725
387,107,9364.11860752,5.65952345711,0.0623558564981,6.22177409304,2.60669820722,8.82847230026
388,46,100.0,5.65952345711,-0.157094474053,5.89706166504,2.83275959306,8.7298212581
389,138,100.0,5.65952345711,-0.0653483946868,5.72703574045,2.76713901411,8.49417475456
390,568,9873.88138744,5.46899497407,0.0280607659738,5.93869842869,2.71799267422,8.65669110291
391,567,100.0,5.46899497407,-0.130458387499,5.73353703758,2.98460962413,8.71814666171
392,538,100.0,5.46899497407,-0.112729689081,5.39200737602,3.01229987172,8.53147989542
393,566,100.0,5.46899497407,-0.332806033671,5.63671781519,3.23782431683,8.78069771195
394,537,100.0,5.46899497407,-0.261230215734,5.32728659754,3.19099164705,8.51827824458
395,536,100.0,5.46899497407,-0.285368328164,5.10777488843,3.36142359068,8.46919847912
396,472,100.0,5.46899497407,-0.393527685379,5.54334329039,3.21457940584,8.67224057673
397,661,5223.74214977,5.91170177507,0.442336281017,6.58765500628,1.89639735858,8.48405236486
398,660,3081.83201272,6.57630883327,0.573538841447,6.65813198846,1.81515125534,8.4732832438
399,637,4235.67670782,6.17208520032,0.48272996697,6.59886684349,1.90614131772,8.50500816121
400,636,5729.08249661,5.84295623315,0.379319160144,6.28915507448,2.16923188987,8.45838696435
401,635,6328.45712359,5.69185332162,0.291566405995,6.10560153261,2.32514748049,8.4307490131
402,662,9679.924026,5.5095906087,0.0310520155472,6.10307446585,2.54483857516,8.64791304101
403,310,3179.61641673,6.59074638463,0.8228111271,5.5711425039,1.68341750095,8.55609361728
404,309,3612.06083072,6.50924189141,0.667158773381,5.61377664952,1.67572726458,8.5956508698
405,346,1193.10579175,8.3452503199,1.74186713331,5.98043947809,0.433429049133,8.98139962188
406,406,5798.67732587,6.33320107339,0.530742831747,5.98572159991,2.02238463602,8.98674951843
407,435,9961.13214524,5.58804629581,0.00380679514302,6.14683387552,2.68156763716,8.82840151268
408,405,5201.49675181,7.06870809409,0.935750917569,6.35846562978,1.93760941466,9.55006285852
409,376,3235.01634844,7.33331022078,1.38871725585,6.10771218729,1.33151809913,9.28299814949
410,377,5563.74018482,6.30866904456,0.558555596208,5.92308371008,1.96847066133,8.92521846247
411,422,100.0,6.30866904456,-0.0402820871185,5.372488035,2.86333857202,8.47801992907
412,393,100.0,6.30866904456,-0.0673137186418,5.39130923512,2.87684926962,8.49548827559
413,444,100.0,6.30866904456,-0.26430984435,5.81551912736,3.04956416668,8.86508329404
414,415,100.0,6.30866904456,-0.0806868398943,6.02170192689,2.82044967132,8.84215159821
415,445,100.0,6.30866904456,-0.20663455802,5.77410729187,2.94383418047,8.71794147234
416,416,100.0,6.30866904456,-0.247732540074,5.88823952396,3.03337486068,8.92161438464
417,494,100.0,6.30866904456,-0.00595443174157,5.91428693968,2.6569448891,8.87855833565
418,523,100.0,6.30866904456,-0.0328273028577,6.05984089825,2.75673862967,8.81657952793
419,347,2369.4093574,7.69626083253,1.21112520705,6.0622672224,1.32993170628,9.07099382257
420,427,5429.33992484,6.09948505309,0.573331254341,5.73599987438,2.02698778978,8.71966550551
421,426,5118.30932629,5.99785908538,0.411286315454,5.51122593222,2.19457541685,8.47812170175
422,425,5184.65488093,5.94662448668,0.38964513981,5.47699822834,2.22318859948,8.44414691179
423,454,5631.51028459,5.80680706125,0.267641711037,6.04372948353,2.35696522295,8.40069470648
424,421,100.0,5.80680706125,-0.107301782826,5.38521071572,3.02118190374,8.40639261946
425,392,100.0,5.80680706125,-0.179577575551,5.32827549007,3.13016409286,8.45843958293
426,363,100.0,5.80680706125,-0.21050238789,5.25358548227,3.17612107554,8.42970655781
427,362,100.0,5.80680706125,-0.250806410958,5.14295582403,3.22919790478,8.3721537288
428,420,100.0,5.80680706125,-0.233033329999,5.16583242253,3.24197906812,8.40781149065
429,391,100.0,5.80680706125,-0.247945405275,5.12974732444,3.27477449507,8.40452181951
430,228,8940.37972168,5.62482017299,0.128638843647,6.17691140712,2.5725281244,8.74943953152
431,340,2073.79208895,7.00762628137,1.21159995612,5.43290570433,1.32073369214,8.46464032422
432,339,2273.85906242,6.90619689467,1.06256814432,5.43961023142,1.28439710774,8.47292533424
433,369,3169.28940635,6.63545190987,0.857444079229,5.60195243185,1.69939207808,8.59512223991
434,368,3292.83995772,6.52510676389,0.793367314356,5.55308465393,1.63355584742,8.5488364638
435,398,3370.36366391,6.58610376892,0.772379193846,5.65355774103,1.71329035452,8.64417952097
436,397,4148.48454491,6.13486758446,0.57477552262,5.51610830153,1.86123235977,8.45449881391
437,317,1339.17119495,8.20991887476,1.65110574818,5.95900794527,0.608116335014,8.97528434633
438,334,100.0,8.20991887476,-0.21769419629,5.26238667698,3.18746473103,8.44985140801
439,304,100.0,8.20991887476,-0.209657585556,5.33184818315,3.13944670411,8.47129488726
440,274,100.0,8.20991887476,-0.237867954046,5.3353562706,3.16019903372,8.49555530432
441,244,100.0,8.20991887476,-0.238421678348,5.27811386886,3.1655583075,8.44367217637
442,273,100.0,8.20991887476,-0.293030231322,5.01794039156,3.35826502675,8.37620541831
443,303,100.0,8.20991887476,-0.285128685059,5.04135417592,3.332112573,8.37346674892
444,333,100.0,8.20991887476,-0.280802627451,5.06451562217,3.30584754395,8.37036316612
445,243,100.0,8.20991887476,-0.294067450451,4.98397310692,3.36488637376,8.34885948068
446,211,100.0,8.20991887476,-0.296110511534,4.97645406116,3.37183155192,8.34828561309
447,261,7182.73204397,5.94108807112,0.212442723831,5.79132206395,2.46142910932,8.81458263925
448,423,9034.68003439,5.46196374815,0.0967998118245,5.98900576917,2.58295587172,8.57196164089
449,96,6902.01228082,5.98655426774,0.288846392704,5.79406754668,2.30974940413,8.82035554948
450,95,9138.04683105,5.56029079307,0.135664901709,6.23396598873,2.44697244973,8.68093843846
451,94,100.0,5.56029079307,-0.0210713509734,5.63496643696,2.75054637714,8.6396647895
452,424,5247.18111195,5.92288083953,0.37204006938,5.46788956215,2.25174782595,8.44694180751
453,453,8266.18677646,5.39538032882,0.18423723347,5.94583842648,2.51162297624,8.45746140272
454,396,4649.7947908,6.0956232976,0.535928928813,5.49069539618,1.97772742215,8.47027460997
455,378,6831.1046516,5.9874548946,0.291023373215,5.78774744822,2.38759180018,8.81778432135
456,260,5735.82888602,6.39090896412,0.618153857004,6.98091918249,2.10276478872,9.08368397122
457,259,6282.26946199,6.53965554971,0.622047957567,6.05365152516,2.27799067108,9.28530810156
458,290,7478.22578536,6.22121582032,0.285803380896,5.97919822732,2.39973342776,9.07734619735
459,291,100.0,6.22121582032,-0.0310820939446,5.86547782263,2.75031153169,8.61578935432
460,404,2644.21814895,7.57008086324,1.51461390716,6.07228381092,0.865249858134,9.12121810099
461,463,5957.83448412,6.3757351239,0.556375530349,7.01512726514,2.07051148626,9.08563875139
462,434,6216.55002152,6.24614402136,0.423211213166,5.98067828448,2.16468341089,9.02401382093
463,464,8908.00575487,5.89080138822,0.0636348170742,6.53758136767,2.64765544237,9.18523681004
464,194,9073.60125429,5.66188648984,0.0924542588417,6.20968535288,2.64398104859,8.85366640147
465,356,100.0,5.66188648984,-0.265227964095,5.43814418653,3.1716135527,8.60975773923
466,394,8952.62896193,5.49002263265,0.104794552283,6.03440715432,2.56534129112,8.59974844544
467,227,6816.31592103,5.8072875411,0.26157957442,5.63649952128,2.40974344618,8.65128232063
468,223,3164.61465183,7.23048770985,1.41361627278,6.01008528037,1.23576872375,9.12345860758
469,224,4757.89649593,6.66491741622,0.910444834506,7.22149920645,1.87063648528,9.09213569173
470,191,2540.9910719,7.04876102501,0.976909264333,5.62319174149,1.56829073484,8.64011697909
471,160,5818.04698175,5.8081254344,0.541856832958,5.45596137109,1.97826702153,8.47600636685
472,192,5383.11857765,6.12186996583,0.578797546123,5.75055152483,2.00761053854,8.76758613982
473,161,5662.68099116,5.94885923545,0.40622843734,5.68771796148,2.10951787296,8.64108768794
474,193,6666.5643877,6.02900414286,0.336082813163,5.80996551123,2.38286672339,8.85263990744
475,162,8209.81719406,5.59407437421,0.190363710553,6.21150731148,2.41248726967,8.62399458115
476,225,5402.59395895,6.49205519015,0.720663661553,6.94291447215,2.12973263731,9.07264710946
477,326,100.0,6.49205519015,-0.253705141294,5.57750556891,3.23020112197,8.82833356629
478,296,100.0,6.49205519015,-0.266089512583,5.3388674304,3.14714592609,8.48601335649
479,446,100.0,6.49205519015,-0.218932792872,5.40959956339,3.15587764474,8.56547720813
480,407,8618.67507055,5.72495907415,0.141083168219,6.42299305751,2.45593847147,8.87893152898
481,308,6357.68542789,5.98070113979,0.369081071997,6.56123395434,2.20841419072,8.76964814505
482,307,7076.33369955,5.66414478759,0.192458362791,5.52747310124,2.45463974204,8.54675151148
483,338,3721.9416228,6.43574060689,0.585298905392,5.65596441962,1.82695020944,8.67443790913
484,306,8953.36664608,5.2873294948,0.102501341123,5.82332995735,2.60422951542,8.42755947277
485,276,9217.65969429,5.29418303375,-0.0442366620867,5.6493630883,2.82070578823,8.47006887654
486,367,3334.15196143,6.46909242026,0.685334925847,5.51687234748,1.80628735605,8.53801423328
487,395,4945.27200931,6.01473920613,0.517843130868,5.42207415311,2.10863761667,8.47504786396
488,366,6118.78494193,5.83079217092,0.409597599667,5.53700342593,2.138811006,8.55737996786
489,337,6743.06361432,5.80895595705,0.257336946571,5.62856360461,2.35250551371,8.64785048761
490,365,9218.17118103,5.38928349537,0.0762578763571,5.91654789013,2.6166377064,8.53318559653
491,336,8979.03079659,5.37244113166,0.100562597962,5.92292209134,2.56953335387,8.49245544521
492,305,100.0,5.37244113166,-0.0167826906732,5.53157250345,2.95010174918,8.48167425264
493,275,9724.36423613,5.25931779777,0.0255639146706,5.60661912528,2.84711897216,8.45373809744
494,335,100.0,5.25931779777,-0.0272521313124,5.29067719934,2.90454219022,8.47360997066
495,364,100.0,5.25931779777,-0.0384450980982,5.2912780008,2.93584732352,8.47421569861
496,245,100.0,5.25931779777,-0.060173308958,5.4970351611,2.91880196184,8.41583712294
497,475,100.0,5.25931779777,-0.281860657733,5.41150146518,3.20190200966,8.61340347484
498,659,7371.42100382,5.64783493379,0.302519037047,6.34163246464,2.2339657719,8.57559823654
499,684,7829.19880015,5.83916793427,0.268290819957,6.65026060768,2.21536836794,8.86562897563
500,682,9634.57607687,5.64134040596,0.0368767489098,6.18181636397,2.72239990948,8.90421627344
501,683,100.0,5.64134040596,-0.0898224177277,5.89304104334,2.92559071162,8.81863175497
502,316,2156.89126721,7.73196088473,1.41113672647,5.96268285088,1.16303604736,9.039464094
503,433,4629.02426348,6.78664754814,1.17978154496,5.94666582773,1.69374121107,9.13660612233
504,246,100.0,6.78664754814,-0.0139003351196,5.44525551575,2.99468606651,8.43994158226
505,226,6416.02568647,6.09807984244,0.384161776572,5.84653621984,2.29994588974,8.9310291394
506,277,9710.80649013,5.30889425494,0.0270986325431,5.80436121036,2.71920886201,8.52357007237
507,443,100.0,5.30889425494,-0.155570690841,5.90582793596,2.96261592962,8.86844386558
508,473,100.0,5.30889425494,-0.384068175814,5.37128959255,3.32587242699,8.69716201954
509,278,7088.56264131,5.71386729074,0.189781749658,5.57909071861,2.47312422215,8.62941643712
510,280,4258.45680013,6.19408188929,0.507645912146,5.59222391608,2.00375572298,8.64418930898
511,400,2660.5455678,7.23721846286,1.15762030435,5.93649069388,1.5957566077,9.04261428025
512,401,4401.71685892,6.78183560514,1.01899905152,6.08519965874,1.84105296523,9.21111629939
513,430,5237.84155786,6.69783067491,0.980179821452,5.96992164971,1.97282133552,9.14098276344
514,429,3086.67639056,6.64490063796,0.771765426325,5.58657771987,1.87505476739,8.63826897391
515,428,5060.2195291,6.2978748306,0.714922059411,5.83390689674,2.09758961344,8.92753410292
516,279,6275.34924224,5.85757756018,0.337743039712,5.61838244645,2.25492099466,8.67289674928
517,207,100.0,5.85757756018,-0.235189353243,5.87098521375,3.0245286186,8.89551383235
518,176,100.0,5.85757756018,-0.193173666332,5.39200449034,3.13344213674,8.52544662708
519,239,100.0,5.85757756018,-0.197552519625,5.81655253231,3.08030925563,8.89686178794
520,208,100.0,5.85757756018,-0.338470105823,5.68100912719,3.33915444094,8.94037636722
521,240,100.0,5.85757756018,-0.303369122106,5.4301856676,3.31916651701,8.74935218461
522,271,100.0,5.85757756018,-0.273615123797,5.45621422562,3.21327682656,8.66949105218
523,272,100.0,5.85757756018,-0.282311867077,5.13067498187,3.33453678861,8.46521177048
524,710,100.0,5.85757756018,-0.0404960602365,5.95568995889,2.88465494721,8.84034490611
525,708,100.0,5.85757756018,-0.140961228965,6.08420641051,2.9913030991,9.07550950961
526,709,100.0,5.85757756018,-0.150481787516,5.86966810128,3.02763480568,8.89730290696
527,707,100.0,5.85757756018,-0.103514054878,6.07832931206,2.9127658884,8.99109520045
528,214,100.0,5.85757756018,-0.026937591392,5.47349210409,2.99303995507,8.46653205916
529,250,6909.54935725,6.01317691731,0.224839118614,6.55027173563,2.43504874638,8.98532048201
530,248,100.0,6.01317691731,-0.0541290625206,5.85869321403,2.88416884249,8.74286205652
531,249,100.0,6.01317691731,-0.0806823167167,5.91800106964,2.92536899977,8.84337006941
532,247,100.0,6.01317691731,-0.152603736367,5.57994193808,3.01526013132,8.70554240678
533,557,100.0,6.01317691731,-0.27151711899,5.16556017691,3.22340301474,8.39487897757
534,499,100.0,6.01317691731,-0.305872100913,5.17667569107,3.24557353852,8.40737870533
535,527,100.0,6.01317691731,-0.287155495422,5.05211645828,3.32896429496,8.38108075324
536,498,100.0,6.01317691731,-0.353578827371,5.02322295195,3.34252126634,8.36574421829
537,500,100.0,6.01317691731,-0.355055577422,5.15418570067,3.34307606204,8.49726176272
538,402,1449.51922012,8.41761318264,1.76629239773,6.06199810742,0.791245201209,9.22217522574
539,431,3424.99802923,7.49018566464,1.40263958359,6.27942383802,1.55236114292,9.70924033352
540,460,5346.1474953,6.48594415806,0.724071032164,6.00665280147,2.14629617282,9.15775933624
541,348,5766.91295457,6.58894159729,0.750611026522,6.00105550257,2.13568667208,9.25638886089
542,349,6718.48409884,6.07314425019,0.293407061363,5.8758185474,2.3653123512,9.03728872248
543,320,8859.27020509,5.84578573929,0.126174517559,5.72215343062,2.61136913435,9.16733930411
544,350,9369.26347426,5.57147775096,0.0926329864216,6.18042090206,2.67804547448,8.85846637654
545,370,2188.73731022,7.70453126724,1.3074319538,5.93687578765,1.34918138243,9.22702841431
546,399,2270.90511209,7.44928590781,1.18540924263,5.96009563975,1.57973855915,9.18521477313
547,417,100.0,7.44928590781,-0.19952486858,5.17295443017,3.30481089642,8.47776532659
548,371,1765.69137504,7.96505119114,1.53252999758,5.89002971907,1.11259615376,9.12410254242
549,372,2571.10170555,7.21317159503,1.13127457006,5.9588722816,1.75274366267,9.22233143866
550,342,1373.18462476,8.33139305099,1.76099866519,5.84319713733,0.614049501144,9.08400269529
551,341,1979.66091697,7.80783593396,1.2256684525,5.9922151148,1.19961447333,9.13308619063
552,312,2094.18201253,7.61567133713,1.14196668379,5.97876982811,1.45511457947,9.20323491146
553,311,2796.37379981,7.02913381847,0.976768080664,5.82994526152,1.71715693451,9.06928920483
554,343,2482.37341279,7.30345042851,1.16992676799,5.97783238261,1.72391352719,9.25732421067
555,447,100.0,7.30345042851,-0.242013908458,5.08954485239,3.3704981766,8.46004302899
556,418,100.0,7.30345042851,-0.256863396251,5.08764135494,3.36945087508,8.45709223003
557,319,5359.49141301,6.36863500811,0.635357264455,5.90326548648,2.20606266107,9.1732578966
558,318,2048.77864255,7.65232925736,1.17634677479,5.95135812333,1.43038024128,9.23617540365
559,288,2099.3192275,7.76297922399,1.27927937101,6.02467538486,1.53495825008,9.41208939899
560,258,6186.8122036,6.56399446998,0.675868528443,6.03828447505,2.32265188819,9.43160463876
561,289,5772.90565712,6.71265648298,0.754321885041,6.10672092838,2.10224424791,9.52649635791
562,50,100.0,6.71265648298,-0.233934043141,5.84202473122,3.08557792636,8.92760265758
563,403,1416.46762045,8.49208917979,1.90057039419,5.95405348395,0.705293219506,9.24851980484
564,375,1250.14485997,8.67049632908,1.96510108342,6.06278529284,0.484298021303,9.23649271076
565,345,1892.49988406,7.87310365835,1.48612504273,5.93540727575,1.3059453347,9.22401036905
566,374,2030.8371058,7.82263736336,1.35293346697,6.06350214165,1.34974496682,9.23759075634
567,373,2413.79099681,7.48876196686,1.19294931806,6.09226940831,1.5623127538,9.27181157538
568,432,4325.04832412,7.04345682874,1.25148861187,6.15235354811,1.62925632884,9.60083791906
569,51,100.0,7.04345682874,-0.240551484553,5.79238451631,3.08698634001,8.87937085631
570,79,100.0,7.04345682874,-0.181319138824,5.80149249412,3.09071536245,8.89220785657
571,54,8839.21878643,5.82231846328,0.11981915907,6.68709236298,2.5137261048,9.20081846778
572,23,100.0,5.82231846328,-0.149428196282,5.22631757002,3.07390033403,8.4751779028
573,52,100.0,5.82231846328,-0.100316484149,6.01550843952,3.03486150954,9.42882736928
574,24,100.0,5.82231846328,-0.30077477732,5.78117832635,3.06481601049,8.74264008956
575,80,100.0,5.82231846328,-0.170792687912,6.32984143469,2.9141099585,9.24395139319
576,53,100.0,5.82231846328,-0.237657931707,6.40118511201,2.96915289264,9.37033800466
577,81,100.0,5.82231846328,-0.192461800752,6.0591262196,3.18400156762,9.49139125044
578,26,100.0,5.82231846328,-0.448070622906,5.53551881876,3.39688431186,8.8384491928
579,111,100.0,5.82231846328,-0.235782006263,5.4212861119,3.19229474823,8.76044263979
580,25,100.0,5.82231846328,-0.432782370316,5.51284406776,3.34250352132,8.81038859163
581,82,100.0,5.82231846328,-0.238783559735,5.39415411787,3.2195322944,8.72431850565
582,287,2100.1786014,7.75187280334,1.2028629532,6.09880618218,1.3996876837,9.29289541946
583,218,6895.81443127,5.81857144217,0.232318889592,5.65820671371,2.47578714074,8.85849253343
584,186,8576.91241316,5.40963577276,0.144697178959,6.02058430872,2.59792522296,8.61850953167
585,217,100.0,5.40963577276,-0.0880646410328,5.86157380969,2.93394173439,8.79551554408
586,216,100.0,5.40963577276,-0.132490933203,5.53955050321,3.03477911707,8.78424698226
587,215,100.0,5.40963577276,-0.0728133237601,5.41996724089,3.02538167319,8.70033986629
588,185,100.0,5.40963577276,-0.106487938464,5.6960801412,3.02101633051,8.7392752998
589,184,9990.16914074,5.23083635094,0.000932482790969,5.54647981712,3.01799752947,8.5644773466
590,183,100.0,5.23083635094,-0.374319230398,5.35118112204,3.37827110581,8.67630242246
591,182,100.0,5.23083635094,-0.0366713754703,5.47258800267,3.06626387103,8.5388518737
592,152,100.0,5.23083635094,-0.329382058682,5.20451518122,3.37214891468,8.5766640959
593,151,100.0,5.23083635094,-0.31863201548,5.22173702994,3.35175554155,8.57349257148
594,181,100.0,5.23083635094,-0.0494261212348,5.46349342367,3.11173417188,8.57522759555
595,150,100.0,5.23083635094,-0.325293255183,5.1835764213,3.30198115862,8.48555757993
596,255,1032.51246995,8.77062516754,1.96755076865,5.97873478706,0.264091530372,9.16842491046
597,285,1639.7793322,8.20634909088,1.59377329555,5.87120647033,0.911660842587,9.17100848464
598,286,2162.16105128,7.58266599243,1.40554841233,6.00077879218,1.13273148903,9.19412429658
599,256,2080.04376186,7.60337118762,1.4410078013,5.94941260046,1.13694883862,9.21737460882
600,257,4901.62777757,6.744165362,1.03903038612,5.94319845306,1.85730833691,9.3467997712
601,222,3421.46439878,7.05622001529,1.10008930742,6.11946583316,1.36782963188,9.34508968527
602,190,4808.11823374,6.33240345635,0.78054878574,5.80341746043,1.85579303548,9.05096072892
603,189,2480.25620638,7.16891750288,0.94603454646,5.79242214468,1.68593240337,9.07087079095
604,159,6181.87234115,5.92185783314,0.411921319469,5.67055895914,2.23838793988,8.88533045681
605,158,8765.34237485,5.7837354868,0.170770932408,6.74524923511,2.41680161414,9.16205084925
606,281,3244.29041083,6.5244210315,0.790623451201,5.53447448521,1.81229884962,8.73322230344
607,284,2082.01015099,7.71971747219,1.2455329515,7.94191595857,1.34923001303,9.2911459716
608,254,2238.92353165,7.74524586067,1.47964332877,5.99518228622,1.19673617633,9.47129115411
609,313,1987.9885826,7.53583113685,1.23910507067,5.79501630696,1.40756138876,9.0716341691
610,283,4211.46304648,6.62145426686,0.937554790577,5.90471403625,1.82846035341,9.25747484432
611,282,3314.5783335,6.59970035213,0.792516625671,5.61019969391,1.88627149132,8.83470982836
612,252,3075.17612499,6.58924121125,0.715049543454,5.53146399758,1.86561288597,8.73169636943
613,251,4289.05762773,6.21669483391,0.517498874023,5.62214300046,2.15113374131,8.85039759259
614,628,8683.39182022,5.37908553806,0.134072387513,6.05220596413,2.58245431862,8.63466028276
615,652,9333.34208737,5.59068741497,0.103815069196,6.28368291117,2.7730776142,9.05676052536
616,315,1616.74976097,7.62839498788,1.54268984661,5.6124774893,0.948603886951,8.88304199818
617,314,1875.48270197,7.4623973248,1.33842085817,5.68778848293,1.27138629338,8.9846949953
618,344,2278.00286197,7.10849876536,1.25803617709,5.66257799982,1.62601947742,8.94759995552
619,8,100.0,7.10849876536,-0.0574312372081,5.84584392692,2.83599568573,8.68183961265
620,253,2650.08937432,7.14723883514,0.985130921097,5.93731575731,1.67536705789,9.32343861882
621,221,2716.14312416,7.02606766953,1.02419690673,5.78754044015,1.70921148822,9.24800469823
622,220,3092.74543863,6.62384362119,0.700269953304,5.5695070122,1.90709596148,8.89719991273
623,188,5435.71364986,6.02557575969,0.534396050902,5.66367233206,2.14003164166,9.03254122046
624,157,9286.46404197,5.50393017249,0.069768583073,6.37782757624,2.6116177171,8.98944529334
625,219,6345.69445627,5.84055360358,0.340268582849,5.60446358798,2.4543503178,8.94857040609
626,126,9391.56628394,5.24914720757,0.0593689091922,5.94595999641,2.70841496864,8.65437496506
627,187,6512.90090449,5.76109337959,0.331264819158,5.53552732719,2.47652138445,8.84806746837
628,156,100.0,5.76109337959,-0.0773765687667,5.93273840654,2.86131660395,8.79405501049
629,125,100.0,5.76109337959,-0.129580757712,5.7695257034,2.95139180284,8.72091750624
630,155,100.0,5.76109337959,-0.199586639078,5.63515768397,3.04697558879,8.68213327275
631,124,100.0,5.76109337959,-0.270278771121,5.63897765149,3.14322667405,8.78220432554
632,177,100.0,5.76109337959,-0.310829122076,5.83178140684,3.38539878982,9.21718019666
633,178,100.0,5.76109337959,-0.19989207161,5.88175919811,3.24774341913,9.12950261724
634,179,100.0,5.76109337959,-0.204202554482,5.61572918794,3.35528662699,8.97101581494
635,210,100.0,5.76109337959,-0.185263291633,5.45170755393,3.22875113956,8.68045869349
636,209,100.0,5.76109337959,-0.282600197315,5.62624561807,3.56047412443,9.1867197425
637,34,100.0,5.76109337959,-0.472736468247,5.56982876594,3.58319377782,9.09784343298
638,213,100.0,5.76109337959,-0.243944138145,5.40421656682,3.54183190833,8.94604847515
639,2,9658.92058534,5.53037478655,0.031675067018,6.36755873121,2.95230720657,9.31986593778
640,1,9693.53033678,5.5027656293,0.0286238166062,6.30877135559,2.97622272568,9.28499408127
641,28,100.0,5.5027656293,-0.156103525559,6.10062140107,3.25600329972,9.35662470079
642,29,100.0,5.5027656293,-0.271908878614,5.78284262826,3.33125513805,9.11409776631
643,3,100.0,5.5027656293,-0.466302109873,5.50898265935,3.72437033004,9.23335298939
644,30,100.0,5.5027656293,-0.454780862681,5.61696909857,3.70304740427,9.32001650284
645,57,100.0,5.5027656293,-0.464827911959,5.5197288621,3.75417183882,9.27390070092
646,7,100.0,5.5027656293,-0.361394978808,5.42774711386,3.59168477772,9.00901941487
647,6,100.0,5.5027656293,-0.361867990095,5.38306692158,3.6017138393,9.01499721151
648,33,100.0,5.5027656293,-0.425821276947,5.45941811454,3.64637171676,9.0507224604
649,4,100.0,5.5027656293,-0.363074147352,5.36343233863,3.60701065069,8.98973462953
650,118,100.0,5.5027656293,-0.340193938498,5.29170500986,3.66193773495,8.95364274482
651,5,100.0,5.5027656293,-0.318973453253,5.36374872846,3.5911688155,8.95491754396
652,32,100.0,5.5027656293,-0.33099147129,5.29687880218,3.6420453645,8.93892416669
653,58,100.0,5.5027656293,-0.333541321378,5.25509538561,3.64983295489,8.9049283405
654,31,100.0,5.5027656293,-0.32312928948,5.14486382303,3.66360689057,8.80847071359
655,212,100.0,5.5027656293,-0.232849999412,5.19462458644,3.65050954719,8.84513413363
656,149,100.0,5.5027656293,-0.559185073308,5.05481657442,3.87499619699,8.92981277141
