,grid_ID,People,GHG_kg_m3,GHG_savings,decentral_value,GHG_savings_central,central_value
0,655,2453.32997074,0.208022128826,0.0235735065732,5.05481657442,0.0382351431447,0.248235052403
1,654,2449.8306811,0.206382353598,0.0244176153276,0.183399815057,0.0377818947433,0.246679012773
2,653,2462.02979828,0.207460752324,0.0235533465855,0.18584471456,0.0383451121862,0.247795780065
3,676,2416.89630784,0.206261936502,0.0243121440155,0.18584471456,0.0374388688952,0.246514556598
4,694,3858.02726237,0.194806139816,0.0172769713819,0.18584471456,0.0495878913,0.247381645591
5,716,3851.06343702,0.19309634419,0.0174662358084,0.18584471456,0.0493057639009,0.24614149719
6,656,2465.80525058,0.207587903961,0.0231161001276,0.18584471456,0.0383326674931,0.247682139892
7,488,1540.55987355,0.21914928903,0.0343462291472,0.178325404454,0.0233698369638,0.245802593692
8,489,1730.71100759,0.216258082057,0.0330734939691,0.180606040777,0.0230143720669,0.246599465864
9,547,1630.40462159,0.217547345918,0.0311394577721,0.180606040777,0.0241479164777,0.246291361399
10,546,1745.3508166,0.215333587901,0.031453063852,0.180606040777,0.025411801341,0.245457239797
11,486,1801.59118618,0.21542206366,0.0332559380814,0.179656799822,0.027986261188,0.246732913984
12,487,1680.45917723,0.215409855356,0.0326051741885,0.17722674031,0.0264492156037,0.245280592184
13,485,2114.64036245,0.214971171664,0.0299735132708,0.186127538659,0.0310046487955,0.249803634333
14,545,1906.41600468,0.212227421924,0.0295055777884,0.186127538659,0.0282693039109,0.245757121793
15,484,2229.519299,0.207676891424,0.0281779299636,0.180743075235,0.0325179112084,0.245775662139
16,544,2242.83317083,0.210323099151,0.0261288137226,0.180743075235,0.0333135764068,0.247474772492
17,543,2428.78190282,0.207809428415,0.0233486096234,0.180743075235,0.0388347409394,0.248286306553
18,542,2419.59342393,0.204931260564,0.0251208815732,0.181460632483,0.0378238534827,0.245519530901
19,510,2850.59264578,0.201079182737,0.0223833550185,0.175481114811,0.0412245443725,0.245781857044
20,451,2985.99371018,0.198802090883,0.0221124960465,0.175481114811,0.043301344097,0.245554343462
21,508,3256.51151178,0.196940804623,0.0204446755323,0.175481114811,0.0457812147907,0.245424282329
22,450,3351.79541867,0.195165586195,0.0199746342865,0.175481114811,0.0455752917901,0.244826798024
23,507,3755.25939132,0.192659051316,0.0171712844639,0.175481114811,0.0490094920092,0.245259813595
24,449,4232.42417565,0.18965337999,0.0171265245757,0.175481114811,0.0507161537261,0.244988095642
25,519,1816.81447758,0.214401251353,0.0291576244501,0.175481114811,0.0274847905363,0.246262714646
26,452,2686.59995941,0.203570153491,0.0243504979244,0.181415948599,0.0393102206426,0.246451229604
27,715,3038.68970888,0.204132248747,0.0166002634513,0.181415948599,0.0428676431,0.2498613438
28,490,1890.32601605,0.21411970767,0.0300230943591,0.181483762116,0.0259790616633,0.246969697391
29,520,1846.55562976,0.213844124177,0.0308420098448,0.179149345629,0.0282055717684,0.246174081045
30,617,4177.76526921,0.18965210155,0.0148049485927,0.179149345629,0.0513104836687,0.245229638367
31,646,4203.61029045,0.190104567743,0.0145717553932,0.179149345629,0.0515354843996,0.245568990753
32,386,3617.01389186,0.200436732648,0.0159156356064,0.187119572754,0.046538549702,0.248718774459
33,357,4215.42962572,0.190985833706,0.0161371459753,0.187119572754,0.0501724654025,0.245372267962
34,387,3958.66100978,0.198001860653,0.0167018372501,0.185135957701,0.0492244420857,0.248859916625
35,388,4201.46055192,0.190152140536,0.0160121648461,0.185135957701,0.051771350202,0.245008960839
36,269,4169.94527842,0.189029985491,0.0171125142623,0.172723512899,0.0514379675534,0.244261380606
37,483,2356.58921647,0.206369658698,0.0266188610849,0.181110736457,0.0355106665219,0.245877970611
38,645,4072.30432286,0.19271089311,0.0155283656016,0.181110736457,0.0497927356055,0.246478905139
39,736,3276.91723436,0.197566119693,0.0210220988192,0.181110736457,0.0423741081409,0.246572674553
40,268,4203.47973076,0.18994527733,0.0158854365297,0.181110736457,0.0512718476388,0.24488173052
41,521,2137.09049505,0.213772703446,0.0281121860398,0.185250256626,0.0305251215164,0.248853402099
42,737,3861.65221779,0.200456584692,0.0148339632129,0.185250256626,0.0487350668264,0.250453172797
43,757,3843.73303746,0.200791493497,0.0146731389044,0.185250256626,0.0499200126685,0.250710144031
44,758,4018.96952614,0.202717836473,0.0139185075648,0.185250256626,0.0528989138299,0.252649731143
45,693,2821.56586717,0.208113318601,0.0210139238949,0.185250256626,0.0396460441183,0.250173876145
46,644,3689.10906423,0.194304089768,0.0176542262927,0.185250256626,0.0460211646865,0.246208533832
47,616,3920.45497977,0.192278524423,0.0162099026335,0.185250256626,0.0492477685097,0.245844900557
48,756,3980.22848791,0.195772582792,0.0156476276473,0.185250256626,0.0508814775525,0.248131288875
49,669,3222.26511303,0.201984699236,0.0153172176518,0.185250256626,0.0462025908024,0.249001089888
50,670,4039.74880475,0.196246152897,0.0135008339492,0.181700226799,0.0484073811305,0.24835173193
51,540,2675.92286158,0.205061083632,0.0224823115118,0.18434552054,0.0392543508895,0.247391471105
52,668,2861.91007698,0.203323350613,0.0203850761311,0.184736194491,0.0429204664028,0.247733565659
53,773,4961.75462528,0.188670388661,0.0157472693294,0.184736194491,0.0523897677383,0.246263692669
54,714,2400.79644829,0.213829891385,0.0236777531326,0.186600597856,0.0347041946958,0.252098066141
55,526,4578.80072485,0.191155791456,0.0116790625866,0.186600597856,0.0535033251751,0.246958550319
56,502,5901.52408183,0.184502707651,0.0115012844179,0.186600597856,0.0559400428414,0.24535350771
57,503,5936.43972078,0.184206119489,0.0105701187263,0.174157339809,0.0562082993397,0.245239219937
58,530,5972.00801739,0.184095594834,0.010325601265,0.174379427925,0.056609876958,0.245360581887
59,592,6164.40417319,0.183885686886,0.01065344077,0.174379427925,0.0574149929137,0.245526652078
60,561,5943.42393371,0.184199276691,0.0100758934098,0.17438992952,0.0549867784816,0.245317531852
61,531,6093.29743136,0.18400667055,0.0107453645631,0.17438992952,0.0565057281292,0.245455186653
62,563,6137.3881775,0.183241026841,0.0086527732835,0.17438992952,0.0571495285788,0.245200450932
63,562,6163.77242748,0.183135402351,0.00859748560407,0.17438992952,0.0574146740236,0.245198321125
64,476,5058.43174391,0.18875615306,0.0133545257773,0.17438992952,0.0552684919855,0.2455236884
65,474,4336.75159631,0.198209962589,0.0134008409279,0.17438992952,0.0521637437375,0.249816426058
66,690,2579.57644861,0.207318684452,0.0215535877253,0.187187711466,0.0381601004553,0.248355838245
67,556,4275.0814692,0.192332185714,0.0134532470193,0.187187711466,0.0505446854231,0.246883971693
68,501,5899.52550562,0.18694336563,0.0106815794327,0.176326300671,0.0564355574797,0.246611876793
69,591,5992.07755655,0.1840803346,0.00922272868322,0.176326300671,0.0553404908621,0.245697964572
70,525,3501.424689,0.200477935339,0.0149396101671,0.179844165309,0.0492903133496,0.249031680254
71,667,2878.59004738,0.205978926197,0.0168504245273,0.19067058309,0.0437760689994,0.250013168511
72,497,5759.65108813,0.188619880108,0.0116376778218,0.19067058309,0.0540867312879,0.247014769648
73,509,3242.60164563,0.199095607885,0.0193471839576,0.19067058309,0.0441304176477,0.247295779844
74,738,5739.7146257,0.189050208,0.0138742251161,0.19067058309,0.0550032725099,0.247318719
75,717,5437.56847925,0.18805970277,0.0134400172363,0.174978770255,0.0534199213147,0.246456831593
76,718,6698.20157008,0.183477757584,0.00807078088166,0.174978770255,0.0583227566433,0.246319239173
77,739,5651.44902482,0.186780170209,0.0117715660958,0.174978770255,0.0550599482565,0.24625809404
78,468,5611.10923026,0.188379364805,0.0126504906346,0.174978770255,0.0522865044763,0.246597310343
79,775,5274.12080051,0.19701240538,0.011920520245,0.174978770255,0.0546004096998,0.251115379423
80,638,2558.13763323,0.209749430969,0.0196025158926,0.174978770255,0.0389298247397,0.250815918812
81,639,2839.4479624,0.205596252984,0.0180044320407,0.188774659661,0.0421476862295,0.249163283471
82,666,2504.5946332,0.211046628857,0.020342286962,0.188774659661,0.0359185876589,0.251149938561
83,640,2985.82323823,0.20161099403,0.0189923787553,0.176571559032,0.0424407577015,0.247211900637
84,641,2978.53646955,0.202421709808,0.0168753247528,0.176571559032,0.0433123510565,0.248125732512
85,439,4580.98341947,0.193596189405,0.0131059585987,0.176571559032,0.0518142297931,0.248181420998
86,665,2745.82682732,0.209337868567,0.018007591961,0.176571559032,0.0406666247175,0.250833170296
87,524,3241.19986743,0.201818987405,0.0162736381045,0.1795695853,0.0461868848265,0.248939137141
88,642,2858.87892734,0.20663138974,0.0174145285226,0.1795695853,0.039867838972,0.250350050864
89,643,3102.18674045,0.204949035615,0.0153782786855,0.1795695853,0.0428840559935,0.250457593501
90,735,2930.5052057,0.214319122391,0.0163595597803,0.1795695853,0.047177121091,0.256941723881
91,713,2201.77355111,0.216465113442,0.0251250261568,0.1795695853,0.0315834335535,0.252233163909
92,734,2594.12375541,0.21517200433,0.0208772455046,0.1795695853,0.0388244905436,0.253990144525
93,712,2726.58145659,0.209703264885,0.0184093054412,0.1795695853,0.0438028073291,0.252013028116
94,553,2743.62849292,0.20878759844,0.0187528645328,0.1795695853,0.0415168310504,0.251165045361
95,583,2859.21763916,0.209230368832,0.0174239438309,0.1795695853,0.0417170293379,0.251269425129
96,615,4002.29936868,0.199156589463,0.0148111441267,0.179755142583,0.0487342960114,0.250354810139
97,554,2825.86688586,0.208580839027,0.0181096327012,0.179755142583,0.0399456007152,0.250651965795
98,612,3054.26275208,0.203483159041,0.0163074575111,0.180694865043,0.0442938086824,0.249319401702
99,613,3679.20389886,0.197415318217,0.0173664325825,0.176318736039,0.0471326309003,0.248152447989
100,614,4034.88691069,0.200043027593,0.0144414568098,0.180751344074,0.0479936991695,0.250246993616
101,586,5437.79030137,0.190825220526,0.0149013512242,0.180751344074,0.0497176835805,0.247364936148
102,154,4656.4909569,0.196888201662,0.00950891942794,0.181717287893,0.0541839721558,0.250044760866
103,123,4645.82584631,0.195694288148,0.0109647165706,0.179405969696,0.0546947436713,0.250090513885
104,692,2430.74502635,0.215406027515,0.0224332942287,0.179405969696,0.0335159883755,0.252980631694
105,691,2643.53845689,0.213774178217,0.020656192248,0.179405969696,0.0389187757126,0.253165138998
106,584,3298.55592544,0.207754120873,0.0144688366706,0.179405969696,0.0484952510164,0.252433699572
107,555,3747.02812473,0.20394081468,0.0134840115313,0.183053547264,0.0480787341175,0.251261507813
108,383,5830.93841535,0.188683588421,0.0136785268721,0.183053547264,0.0522085550032,0.246861390807
109,412,6101.52193784,0.187745205629,0.0132344577798,0.174631196435,0.0532941869449,0.247208062161
110,774,5326.11040251,0.199480226815,0.0123763858618,0.174631196435,0.0547248904738,0.252905989295
111,620,6649.16669688,0.185117546633,0.0115074664329,0.174631196435,0.0559467312359,0.247433482789
112,649,6120.54326292,0.190015195741,0.0116498946623,0.174631196435,0.053820040856,0.249473578963
113,648,6501.41389416,0.186393696996,0.012583367432,0.174631196435,0.0558414722544,0.247749478426
114,621,6727.96743227,0.185734033603,0.0114366451663,0.174631196435,0.057897702497,0.24808573
115,650,6725.67924794,0.189867044607,0.00913496315905,0.174631196435,0.0583541877131,0.250598742006
116,674,6794.18071566,0.187713381939,0.0090330970681,0.174631196435,0.0592706464172,0.250031061482
117,673,6553.80867605,0.188244378198,0.00997998102789,0.174631196435,0.0570014845694,0.249718143165
118,622,6804.18677522,0.185365041979,0.0110457153023,0.174631196435,0.058864746651,0.248170330879
119,593,7049.03789124,0.183710751272,0.0102691365336,0.174631196435,0.0599334787656,0.247454036094
120,696,6915.27676063,0.183813549031,0.00860904572178,0.174631196435,0.0584342321066,0.24735649964
121,697,7058.73489306,0.183475816716,0.0100074590925,0.174631196435,0.0595564900874,0.247460353453
122,675,7078.49817095,0.183210513255,0.008882566378,0.17470657224,0.0599872747812,0.247324836638
123,623,7032.519906,0.182979405456,0.00810582534658,0.17470657224,0.0599441713531,0.246993009717
124,651,7089.69844114,0.183104547345,0.00820005728394,0.17470657224,0.0592798851042,0.247019706709
125,438,4585.91366794,0.201946183558,0.0109538767219,0.184058589641,0.051214770776,0.252192011415
126,467,5903.09518608,0.191070317199,0.013847615672,0.184058589641,0.0518377427592,0.248404785689
127,382,5044.27973615,0.193150214724,0.0150494689422,0.184058589641,0.0506328924564,0.247351338475
128,411,5810.9883993,0.189953603623,0.0141546408741,0.184058589641,0.0517077495861,0.247577839059
129,551,2293.89406518,0.210238722976,0.025321024291,0.184058589641,0.0331557352796,0.248425344504
130,752,5281.51380638,0.195631231791,0.0172238345022,0.184058589641,0.0487313017196,0.249644023555
131,751,5085.344772,0.194811258538,0.0176328713258,0.184058589641,0.0470607421013,0.249154481308
132,585,4133.92010315,0.197828617314,0.016195902021,0.184058589641,0.0466405965007,0.249638502288
133,442,6152.1710854,0.18978297081,0.0116291509645,0.184058589641,0.0552980809037,0.249481940449
134,471,6023.33900275,0.189543085391,0.0123896069302,0.184058589641,0.0539266320933,0.24875438347
135,496,5730.31594795,0.192100868098,0.014478937718,0.184058589641,0.0491693227605,0.248987573734
136,598,1913.94173385,0.221189984881,0.0333590982146,0.185433167673,0.0244560629516,0.251504485112
137,597,1892.4044091,0.220536742761,0.0332217597133,0.184458062531,0.0243057335749,0.25151357648
138,596,2378.90312625,0.217624161801,0.0249131715113,0.184458062531,0.0352312277799,0.254052256386
139,413,6075.38032633,0.188334188483,0.0128758737371,0.184458062531,0.0534009839694,0.247877706001
140,384,4861.93160814,0.193267703044,0.0160035643463,0.175256048825,0.0487581226093,0.24681910508
141,599,2108.35790995,0.21799536845,0.0275329968013,0.175256048825,0.0269705551202,0.251454162
142,410,4285.85062918,0.201094759403,0.0127193592438,0.182308385576,0.0504641514203,0.251452831022
143,21,3389.04242306,0.201913741515,0.0140192142542,0.180098925499,0.0481145430851,0.249676676668
144,755,4700.83812147,0.215093400461,0.0131753761718,0.188157790001,0.055040536929,0.26157480274
145,772,5337.59972633,0.197527709907,0.0128530057828,0.188157790001,0.0540513256432,0.253086147529
146,293,2951.63047914,0.223801122632,0.0236271420922,0.192139433394,0.0443648478064,0.262831699562
147,352,3470.67259459,0.205628129504,0.0162069293229,0.182573279484,0.0478964170567,0.251757732762
148,322,3462.64407672,0.200223030556,0.0194789550162,0.182573279484,0.0451902473665,0.248673919125
149,323,4684.49580019,0.216930708031,0.0157596501713,0.182573279484,0.0528739956568,0.26187451761
150,552,2556.90988641,0.208836190408,0.0228143178438,0.182573279484,0.0372493455093,0.249329418635
151,689,2195.64985712,0.219546806668,0.0254867055112,0.182573279484,0.0303605068343,0.254409437648
152,133,2706.63723598,0.208218342473,0.0212801574045,0.182573279484,0.0414241146251,0.250542507939
153,732,5373.80898627,0.195927717618,0.0172193059597,0.182573279484,0.0486730467134,0.250941202419
154,458,1997.65454414,0.216963362261,0.0298167270687,0.182573279484,0.0279223209378,0.250315062668
155,457,2054.80888145,0.215671277396,0.0290360244114,0.182573279484,0.029222823837,0.250018374307
156,381,4099.19752526,0.202350595713,0.014298343951,0.182146097008,0.0484379563615,0.251583896734
157,601,2742.87202703,0.207178927822,0.0212666318,0.182146097008,0.0418434675813,0.249585917805
158,629,2715.77209405,0.207486747363,0.0213784504422,0.182146097008,0.0410606161488,0.249652408259
159,385,4383.30163822,0.195307028302,0.0165960131359,0.182146097008,0.0495383091129,0.248495904969
160,618,6521.01489657,0.186502852237,0.0124478184227,0.182146097008,0.0558937216135,0.248594928137
161,166,2631.64791679,0.22171103407,0.0241789033205,0.191851830238,0.0385641940918,0.258209796296
162,602,2782.30248153,0.206090311335,0.0215434675382,0.191851830238,0.0419304066369,0.248962823435
163,731,5323.85612281,0.196004741457,0.017406222879,0.191851830238,0.0478940685633,0.250940345969
164,711,2865.22266418,0.21563963583,0.0181831816597,0.191851830238,0.0449520288753,0.256302234105
165,730,5324.44194394,0.196175849254,0.0173754777521,0.191851830238,0.0477820929508,0.251100086739
166,733,2937.47995936,0.216748254271,0.0172183522328,0.191851830238,0.0470828577147,0.257580003658
167,131,2541.06964894,0.20996001188,0.0240117352397,0.191851830238,0.0366848128071,0.249841525729
168,100,2505.61421648,0.209724897992,0.0234107760139,0.191851830238,0.0379080029449,0.250199906792
169,132,2760.71824132,0.205857797674,0.0220447784341,0.178436743043,0.0405567637597,0.248927325605
170,101,2693.96986915,0.208455588309,0.0224434311423,0.178436743043,0.039623456263,0.249909299224
171,70,2473.64774705,0.210635302646,0.0247281635804,0.178436743043,0.0358555611807,0.249827002529
172,71,2181.19728249,0.216641304908,0.0273611872281,0.178436743043,0.0297681524067,0.251884477955
173,627,1960.27590519,0.22107728268,0.0288994026071,0.178436743043,0.0268756947315,0.253040280455
174,165,2926.99567255,0.211987733899,0.0193499111563,0.178436743043,0.0426971118885,0.253111212483
175,658,2421.76379719,0.216103864789,0.0226631608217,0.178436743043,0.0365834749879,0.253693115091
176,634,2467.13852049,0.209855084992,0.024324213242,0.178436743043,0.0356735673057,0.249588900915
177,657,2651.33101066,0.211473789798,0.0205041185086,0.178436743043,0.0417071083397,0.25280917833
178,633,2609.89659744,0.208387714277,0.0229198749029,0.178436743043,0.0382964986439,0.249566692409
179,459,1875.82391055,0.223527747891,0.0315455645274,0.188631030346,0.0247207327336,0.253528629283
180,580,2064.21129403,0.222110307414,0.0276777369137,0.190645345326,0.0279058299361,0.255143808329
181,550,2230.08668206,0.2171088109,0.0259409930969,0.190645345326,0.0305522126683,0.252067723114
182,581,2314.6963139,0.215097352628,0.0247203349688,0.190645345326,0.0322998581825,0.252224842318
183,582,2555.26344548,0.21349782876,0.0215024442939,0.190645345326,0.0363254378074,0.252538440912
184,440,6335.47703443,0.187650983535,0.0123255230543,0.175515273045,0.0555583319793,0.248964236317
185,470,6409.00484906,0.186825393297,0.0128986116884,0.175515273045,0.0559061084374,0.248627037839
186,441,6359.25790774,0.186816776192,0.013071214514,0.175515273045,0.0554781445642,0.248449345758
187,469,6442.24031236,0.185986058188,0.0125739806244,0.175515273045,0.0565423686723,0.248188470308
188,292,3231.93208147,0.208322497689,0.0174185022562,0.175515273045,0.045571804924,0.252230268391
189,549,2127.15070449,0.21794693867,0.0273169811993,0.175515273045,0.0283127396957,0.252473445313
190,632,2742.82578824,0.208123867093,0.0213487957989,0.175515273045,0.0413661006329,0.250294699498
191,69,2497.21900237,0.210303795666,0.0238483533437,0.175515273045,0.0375860334043,0.250553796299
192,12,1812.31640363,0.221518633832,0.0330337401292,0.184636000814,0.0222530096976,0.251587870649
193,40,2225.8228036,0.217657627455,0.0259230215683,0.184636000814,0.032162188511,0.253211638989
194,238,4017.77098378,0.211628341458,0.015405402766,0.184636000814,0.0506759471164,0.256545123791
195,237,4523.04439772,0.19702101866,0.0167768145292,0.184636000814,0.0497895426043,0.250792351895
196,270,4789.29892164,0.198425643257,0.0149158161289,0.184636000814,0.0536523470612,0.253527764163
197,300,6089.84614121,0.186695540258,0.0140449984825,0.184636000814,0.05653506952,0.24752677195
198,236,4319.95238869,0.208016626193,0.0145341645104,0.184636000814,0.0499012882209,0.25629594002
199,49,3461.18135428,0.210261022097,0.0138828520148,0.184636000814,0.0482004724377,0.254672422853
200,22,4665.65669235,0.19845656213,0.0140301054816,0.184636000814,0.0493295592903,0.249818434308
201,606,2540.40281241,0.209501614088,0.0241070986167,0.184636000814,0.0382375335068,0.249863096105
202,78,2787.77886378,0.219774076065,0.0222977793748,0.190191136893,0.0380286884231,0.258090032063
203,41,2193.74925024,0.218694793936,0.0277130537895,0.186751214376,0.0292920640227,0.252712660782
204,102,2647.39401651,0.215630582856,0.0219306205398,0.186751214376,0.0386613244104,0.254325569798
205,495,3521.52503572,0.204831175788,0.015961414286,0.17996506046,0.0470333979518,0.251727283442
206,10,2361.72379105,0.222301775303,0.026429879381,0.189026864686,0.0322691542845,0.257238815323
207,139,3546.37027183,0.21260527405,0.0146562367632,0.189026864686,0.0497307669353,0.256648368829
208,170,4257.55270783,0.200324945914,0.0151924507558,0.179836018837,0.0501573628999,0.251553917157
209,140,5291.48021664,0.203967918304,0.0110124911589,0.191585604807,0.0565792259855,0.259346591937
210,171,5286.46473825,0.193326033988,0.014344376294,0.191585604807,0.0535099282257,0.249383284444
211,201,4941.32319617,0.19421095695,0.0126498363463,0.191585604807,0.054573617616,0.25159986082
212,461,1813.18717382,0.233619414684,0.0373558036987,0.192822100801,0.0256679824364,0.260624436816
213,462,1867.48761361,0.225507705867,0.0325193613972,0.189415341248,0.0236089682053,0.254972427362
214,491,2090.85940127,0.220144877334,0.0281678071061,0.189415341248,0.0278561204943,0.252917727915
215,202,5252.08912167,0.193464415747,0.014797187194,0.189415341248,0.052061881792,0.249330013723
216,172,5919.54208692,0.188760693507,0.0137305250873,0.189415341248,0.0537278660733,0.248721525349
217,263,2834.76181403,0.215458140726,0.0222502891875,0.189415341248,0.0389152077107,0.25473325493
218,230,4257.58840399,0.210777859256,0.0141324386375,0.189415341248,0.0528471236872,0.257759752172
219,231,4613.98762551,0.206650782767,0.0124773728259,0.189415341248,0.053815084999,0.258631963717
220,768,5319.17726807,0.193779667297,0.0174572431596,0.189415341248,0.0492138471701,0.250343109916
221,262,2817.45539339,0.21530788181,0.0221398531046,0.189415341248,0.0401265254933,0.254667427284
222,522,4110.87214034,0.220163206933,0.0270179160532,0.194691020987,0.0353161641085,0.262216812393
223,234,4707.89071691,0.198106959754,0.0137761180797,0.194691020987,0.0534907798995,0.253324173828
224,588,6332.05988821,0.187304069698,0.012438244023,0.175240890315,0.056515024415,0.249299727191
225,558,6311.14665517,0.187291381165,0.0123480759258,0.175143789083,0.0552928809732,0.249222792509
226,589,6665.42726891,0.185256576282,0.0116872213244,0.175143789083,0.0585242220982,0.248934165612
227,619,6691.87212403,0.185494291168,0.0116613180185,0.175143789083,0.0575345939125,0.24917631752
228,529,6565.53925032,0.185302646444,0.011952850455,0.175143789083,0.05762105693,0.248617281222
229,559,6544.94890019,0.185481558089,0.011985131541,0.175143789083,0.0569875292995,0.248691497431
230,528,6293.13695327,0.186262415521,0.0110150836428,0.175143789083,0.0552453811277,0.249177318414
231,560,6698.37442018,0.184420688681,0.0095023181476,0.175143789083,0.059004157654,0.249119733244
232,590,6788.47368568,0.184437577511,0.0094080290223,0.175143789083,0.0586556901676,0.249176462552
233,13,1809.89956007,0.22317403026,0.0332810686886,0.185657492705,0.0212871564655,0.252072365438
234,11,1823.7192981,0.221270927073,0.0350111941072,0.182389287622,0.0231299641577,0.25144229652
235,173,5236.08951211,0.193461285061,0.0152786728206,0.182389287622,0.05213225683,0.249335309883
236,686,2309.03739558,0.218558506559,0.0240948259157,0.182389287622,0.0314934147247,0.254539338328
237,127,2533.22340666,0.210315330459,0.0224832408481,0.182389287622,0.03650285606,0.250865286479
238,685,2225.31373765,0.221205598039,0.0260654214347,0.182389287622,0.0312343522231,0.255857458057
239,663,2943.22777476,0.209500891552,0.0184016244354,0.182389287622,0.043607337249,0.252774443488
240,664,2980.59947442,0.207826817896,0.018186737104,0.182389287622,0.0443441403335,0.251892844143
241,753,5371.50272919,0.195739085423,0.0172322877986,0.182389287622,0.0495409808569,0.25194106677
242,754,3034.48332678,0.219533911721,0.0167697862775,0.182389287622,0.0488833268952,0.260004867612
243,770,4762.19668568,0.198399051241,0.0157900495842,0.182389287622,0.0508750891972,0.254409777041
244,771,5351.57790908,0.196418056453,0.0124833258749,0.182389287622,0.0533241129849,0.255238325754
245,576,2463.98814646,0.212342293938,0.0249989788462,0.182389287622,0.0355698502164,0.251123828177
246,577,2446.14662557,0.211745033694,0.0250156183804,0.182389287622,0.0363130156129,0.250986968675
247,605,2632.33616414,0.208922335159,0.0236473802829,0.182389287622,0.0394329418872,0.25004316839
248,267,4858.56806057,0.197961639851,0.0142319402433,0.182389287622,0.0549090943939,0.254195116049
249,266,4804.65457679,0.198521423836,0.0143641736646,0.182389287622,0.053076038177,0.254435794862
250,129,2234.02164746,0.215271868371,0.0263109053875,0.183884746522,0.0300597355631,0.251548478769
251,688,2532.55976748,0.218719172403,0.0230528295146,0.183884746522,0.0353574351863,0.255984778311
252,687,2612.34983581,0.214242147658,0.0213314182082,0.183884746522,0.0376245425985,0.253576352429
253,43,2245.87421936,0.216267240412,0.0275134959837,0.183884746522,0.0324330189662,0.252345321124
254,604,2759.66595897,0.208160638234,0.0222203302117,0.183884746522,0.0416464559804,0.250494900748
255,15,1684.14791875,0.231273073734,0.0377725540953,0.189174131388,0.0243910041292,0.25818800626
256,14,1830.58090904,0.227247402828,0.0351900461099,0.187860216197,0.0220434710847,0.255601730113
257,16,1800.74964046,0.232290204559,0.0369290267974,0.190458945115,0.0212123275405,0.259331259562
258,42,2193.43112802,0.219201231361,0.0270660494943,0.187708170646,0.0321218945999,0.254074834022
259,9,2685.20159959,0.217114361906,0.0218980551909,0.187969496476,0.0364126038831,0.255623901343
260,142,5213.97469135,0.192485535725,0.0153482699616,0.187969496476,0.0523445263464,0.248789789706
261,575,2491.52958135,0.211563098184,0.0240325469229,0.187969496476,0.0374759141691,0.251545014822
262,603,2829.42575782,0.207833434161,0.0216304579048,0.179015883804,0.0421229825333,0.250763969848
263,631,2824.33053115,0.20772409161,0.0215834883646,0.178913275194,0.0422461020849,0.250683506223
264,630,2820.8514505,0.208468986025,0.0213328318165,0.178913275194,0.0426868622554,0.251318211121
265,135,2007.78576329,0.231556226716,0.0341576400115,0.190825431633,0.0247318278328,0.259795582237
266,103,2238.1999803,0.216409340024,0.0279005987926,0.190825431633,0.0316790203848,0.252309617035
267,134,2499.60971626,0.214614455051,0.0246308629667,0.190825431633,0.0364337739036,0.252645244106
268,456,2346.25761917,0.215744959666,0.0263580798337,0.190825431633,0.0336062833001,0.252191208107
269,455,2353.98835165,0.212950001364,0.0263917467664,0.190825431633,0.0328199330603,0.251046652117
270,20,4116.20614077,0.202913380638,0.0131574321107,0.190825431633,0.0485986145591,0.253952368964
271,64,2448.72479437,0.224858319803,0.0264582416664,0.190121248676,0.0331627672987,0.25943620986
272,37,2709.8245454,0.213672691211,0.0225924650034,0.184824535277,0.0374501152345,0.253388041088
273,36,3072.12931525,0.213468222372,0.0176433818147,0.187764408531,0.0445039216363,0.255809336578
274,65,1513.20808954,0.234073233916,0.037952150845,0.189818967412,0.0207250969586,0.257833893772
275,548,2080.45888288,0.220854682407,0.0293832241524,0.189818967412,0.0259567023081,0.253382945499
276,578,2368.90861684,0.214683407508,0.0255789102971,0.189818967412,0.0351680214423,0.252656799146
277,574,2718.53469936,0.209894815533,0.0220326879774,0.189818967412,0.0416401937997,0.251932874097
278,63,3303.36975114,0.213474915426,0.017013495817,0.189818967412,0.0417937399962,0.255739526724
279,164,3097.92732831,0.207271413691,0.019751155701,0.180209486019,0.0455476284899,0.251855048101
280,196,3255.9996358,0.207315337677,0.0188175676319,0.180757311771,0.0461412887888,0.252337530303
281,163,2975.60352263,0.207213078569,0.0209636195253,0.179422672337,0.0438568582203,0.251168856149
282,232,4682.30904865,0.197981225684,0.0138149188889,0.179422672337,0.0536825734233,0.254432991706
283,748,5313.72245306,0.194617310118,0.0174463828722,0.179422672337,0.0495638613616,0.251975599724
284,750,5353.83634796,0.193069393194,0.0171155296092,0.179422672337,0.0506932596604,0.25091370081
285,749,5292.23984504,0.193348585127,0.0162334604358,0.17601282402,0.0495410510878,0.250856812496
286,767,5157.38828028,0.194408047554,0.0177425083984,0.17601282402,0.0473918882928,0.251045859954
287,766,5219.84944389,0.194039745636,0.0175449764664,0.17601282402,0.0481253728566,0.251088786415
288,765,5260.82662377,0.19353964316,0.0154913024455,0.17601282402,0.0488882459661,0.250876348342
289,570,2507.79388121,0.213174681442,0.0247357289824,0.17601282402,0.037297724053,0.252657738783
290,569,2596.20486496,0.213654422063,0.023607446788,0.17601282402,0.037903954904,0.252951059212
291,539,3221.64176836,0.207703271739,0.0185670152282,0.17601282402,0.0463057439214,0.252564718397
292,141,5336.09180016,0.195137929718,0.0134691624267,0.17601282402,0.0543866130275,0.252314806487
293,197,3567.86533471,0.208200900705,0.018384492796,0.18061816017,0.0440392449087,0.252808872738
294,68,2516.60198138,0.223223751059,0.025299056854,0.18061816017,0.0361832732043,0.258821613498
295,35,3526.79961315,0.208162601787,0.0141484210467,0.18061816017,0.0490095319112,0.253691044499
296,167,2615.99883636,0.226173809259,0.0236542627533,0.193035308875,0.03953811358,0.262852921726
297,198,4316.54293818,0.201708199321,0.0135804849692,0.184091518555,0.0534975198484,0.255820118017
298,229,2958.23593247,0.214355693471,0.0208098828821,0.184091518555,0.0409417382707,0.254744260643
299,199,4631.76205103,0.20435763522,0.0127513478481,0.187178837466,0.054128638551,0.25886695802
300,93,4219.78958074,0.198426263293,0.0135273035183,0.180436498347,0.0514946381597,0.252242691128
301,61,5039.52902113,0.196310681391,0.0144685087743,0.176824195442,0.0494653509648,0.25144638306
302,62,4407.07674588,0.197995704611,0.0115400618993,0.181930766104,0.0533824869552,0.25279766059
303,92,5111.83817183,0.194917359115,0.0140878681654,0.175997420722,0.052962046373,0.251015089626
304,91,5357.4634163,0.192817273111,0.0134759602567,0.175997420722,0.0554232128907,0.250526209369
305,60,4893.46243228,0.194300068316,0.0109516586392,0.178900728625,0.0566250010649,0.252522880336
306,122,5576.95588459,0.19348138822,0.0121059050526,0.178900728625,0.0571555454502,0.251783584284
307,205,4542.9578953,0.195989237156,0.0150659455702,0.178900728625,0.0517879612213,0.25211267774
308,233,5424.28650694,0.194075620685,0.0134749950443,0.178900728625,0.0564743614984,0.252104716207
309,351,3413.23538867,0.208035455752,0.0178058341326,0.188017890462,0.0465885100771,0.253641833556
310,321,3403.34683863,0.20475785667,0.0192993869559,0.178750135737,0.0460181831763,0.252009921899
311,200,4591.68787541,0.200223835431,0.015342600886,0.178750135737,0.0532079238823,0.256155791474
312,169,3452.11941144,0.205835496585,0.0171598393972,0.186581578176,0.0466690522834,0.252407933172
313,294,3439.45573218,0.223333757871,0.0235538700301,0.19285826484,0.041952118873,0.26681621149
314,264,3376.63631794,0.210939802763,0.0176679390301,0.19285826484,0.0479159376297,0.256528143934
315,295,5300.62346277,0.207461611636,0.0132105799021,0.19285826484,0.055684686397,0.264609496573
316,353,5311.81416659,0.192358494848,0.0144199732884,0.19285826484,0.0536213950377,0.24992255393
317,354,5073.84068306,0.194009250777,0.0164036644445,0.19285826484,0.0514912771577,0.250056661097
318,324,4921.48843344,0.210880326081,0.0155757276233,0.192960657143,0.0555398619093,0.266922848783
319,325,4605.66857365,0.205527614586,0.0129105653016,0.192960657143,0.0535786121648,0.25969510746
320,265,4782.74139901,0.199569273,0.0147297395966,0.192960657143,0.0532513599296,0.256516385913
321,572,2847.68033642,0.210554431436,0.0210452465049,0.192960657143,0.0435496881673,0.2530068993
322,573,3871.88850527,0.205354628738,0.0213800426006,0.192960657143,0.0437945111241,0.251466252151
323,414,4279.42206595,0.205506610465,0.0147081621949,0.192960657143,0.0515624767965,0.258271134161
324,492,1889.4392108,0.231351979458,0.0361284542677,0.190114715365,0.0279414749108,0.260390793776
325,493,1939.13477216,0.236397447994,0.0338878189793,0.190114715365,0.0276553422104,0.264505816373
326,110,4755.94748836,0.204929521513,0.0118855297835,0.190114715365,0.054741564776,0.260392890739
327,607,2404.40423987,0.213996404552,0.0255241974355,0.190114715365,0.035966356474,0.252536291214
328,729,4087.59124771,0.203080141965,0.0173875451396,0.190114715365,0.0473711811104,0.255006414991
329,380,3519.41223063,0.209244910335,0.0161479096997,0.190114715365,0.0449818804815,0.25532507303
330,571,2492.33294594,0.215457543714,0.0248237769347,0.190114715365,0.035447009623,0.253358605167
331,600,2836.21942762,0.212802979267,0.0209193713124,0.190114715365,0.0421045226022,0.253697725772
332,541,2837.49198413,0.212210307567,0.0214699503266,0.190114715365,0.0391510438563,0.253188820392
333,44,2644.55200143,0.21251213151,0.0216291697782,0.190114715365,0.0382336817949,0.253346288801
334,706,3628.3530625,0.213272414097,0.0167257516296,0.190114715365,0.0473062014457,0.261859928858
335,727,4614.905657,0.199024136069,0.0156155958371,0.18205776131,0.0525638912254,0.255741015842
336,728,4605.63027447,0.198111594602,0.016766196112,0.18205776131,0.050581080603,0.254960966863
337,99,2275.61713321,0.222835821253,0.0279065277206,0.18205776131,0.0323819610032,0.257114199031
338,610,2244.46840593,0.220457144561,0.0267539683729,0.18205776131,0.0315237456999,0.255471730835
339,579,2036.94018137,0.227109741883,0.0301236561592,0.18205776131,0.0279572330151,0.258843414769
340,611,2970.99486015,0.216806443369,0.0187506152777,0.18205776131,0.0432399827078,0.257587324551
341,609,2068.07677346,0.228268384278,0.0297353806784,0.18205776131,0.0277466842385,0.259888925741
342,39,2041.45755201,0.226994294818,0.0304418246137,0.18205776131,0.0267474939393,0.258628105366
343,204,4507.85167423,0.20080490638,0.0123465359695,0.18205776131,0.0528801041293,0.256507275689
344,235,3839.75173624,0.204657589391,0.0164841431785,0.187208525607,0.0484751886441,0.254912958364
345,203,4606.19728827,0.198732698564,0.0127964084715,0.181718268143,0.0549807861426,0.25542178639
346,206,4544.97787941,0.202575871761,0.0120992592954,0.181718268143,0.0559987988374,0.258511216061
347,175,5185.15056933,0.193699920781,0.0156061785893,0.181718268143,0.0516082012534,0.250718030458
348,174,5234.86008573,0.193369211683,0.0152462388684,0.181718268143,0.0535027527333,0.250692000852
349,112,4636.23107183,0.195962038925,0.0152918786442,0.181718268143,0.0508723984698,0.252114252933
350,113,5193.43087526,0.195896108829,0.0151524282138,0.181718268143,0.0524448418736,0.252420452924
351,143,5158.10723428,0.191682020536,0.0134564066298,0.181718268143,0.0532276014925,0.249905158275
352,168,2720.95778687,0.215663276993,0.0230823381895,0.184970148119,0.0363410911709,0.254598478805
353,466,4420.63460767,0.19802339329,0.0159891042952,0.184970148119,0.0520723919552,0.252798097823
354,66,1498.68322492,0.232056386067,0.040160033059,0.185065990347,0.0181424855232,0.254790644626
355,67,1657.51102618,0.232820283623,0.0394941370155,0.18785573139,0.0206214022492,0.257278851303
356,98,2029.49968208,0.223126884306,0.0311355552002,0.185688976419,0.0255339824985,0.255338341928
357,97,2146.74905739,0.220835600814,0.029483000622,0.185258219518,0.0288948319505,0.254947818912
358,130,2253.18638632,0.221654509051,0.027218193208,0.185258219518,0.0320057742669,0.256223321457
359,436,3801.25790019,0.206089125634,0.0143063186187,0.190507275791,0.0506347424851,0.256017155242
360,437,4991.55094725,0.206195529966,0.0121769568945,0.190507275791,0.0546303705878,0.262476990647
361,465,4400.63991949,0.210530997968,0.0152065573677,0.187593937566,0.0500300158374,0.263937453899
362,17,1954.32745097,0.230078170975,0.0337304139166,0.190753883953,0.0256106093306,0.26000952371
363,72,2167.45592219,0.220626604263,0.0295568518509,0.185731732072,0.0279701192191,0.253913269877
364,38,1908.17959575,0.22168540542,0.0351852110251,0.181958662911,0.0242362473701,0.252741414319
365,608,2344.09392366,0.227781962278,0.0267017683639,0.181958662911,0.0337941428937,0.26125305764
366,195,3136.20098213,0.217514739335,0.019024674713,0.181958662911,0.0471598066257,0.259110218693
367,355,4594.30146662,0.19631910977,0.0146647909429,0.181958662911,0.0536986493569,0.253460633416
368,128,2438.36220224,0.213324915383,0.025027258501,0.181958662911,0.0339927652546,0.252161628826
369,109,3474.53783704,0.216855754718,0.0162282647047,0.192054169114,0.0500299973997,0.263261716164
370,379,2881.47367523,0.217409633532,0.0222135705793,0.192054169114,0.0413244232073,0.257123239133
371,48,3527.59645752,0.209229888998,0.0136480275089,0.192054169114,0.0509220081081,0.257862066613
372,408,2541.7761429,0.224057921099,0.025246608032,0.189320200205,0.0362615045019,0.260889778756
373,409,3415.04771788,0.213408292066,0.0162870750852,0.189320200205,0.0484652456146,0.259742228268
374,73,1888.46428023,0.228772031963,0.0327773869661,0.188186342948,0.0252551513471,0.258199756865
375,47,4131.00094263,0.201788660794,0.0131668073842,0.188186342948,0.0507342363945,0.254957306996
376,136,1870.63560137,0.231712559458,0.0333211237926,0.190342257247,0.0272264190591,0.260309259873
377,105,1843.41414834,0.233270758227,0.0353342760299,0.189588762402,0.0267342861672,0.261240679584
378,104,1893.47533273,0.228307460457,0.0349686075886,0.187018479147,0.0232572850341,0.257133320439
379,18,2592.78984232,0.228705832959,0.0251335726782,0.193143677811,0.037843682441,0.264736856248
380,45,2763.23378814,0.217639443074,0.0209853284164,0.193143677811,0.0382185622158,0.256349240883
381,19,2835.43876981,0.222297630097,0.0222360808077,0.193143677811,0.0357897035062,0.26037095548
382,106,2408.79878029,0.229802156373,0.0272313236019,0.192017522019,0.0346276235878,0.2636113862
383,137,2743.89869745,0.218623210102,0.0235405450707,0.18696426666,0.0386107622439,0.257068263107
384,76,3476.39521562,0.218358288965,0.0197528652351,0.193304554084,0.043242754637,0.264897130255
385,77,4211.58555995,0.212610583016,0.0187440695319,0.193304554084,0.04423455264,0.265766134965
386,108,2875.10399374,0.224500335177,0.0218552527471,0.190956409241,0.0424922663404,0.262551522644
387,107,2878.28949851,0.223294158788,0.0219726438886,0.190193683815,0.0426198171771,0.26178984723
388,46,4208.88686736,0.205813803905,0.0153406973951,0.190193683815,0.0481773266733,0.259897840806
389,138,3337.47832551,0.208620353469,0.0179016655725,0.190193683815,0.0462695571226,0.253966590391
390,568,3058.65252279,0.216783033033,0.019866735024,0.190193683815,0.0452880748846,0.257904777657
391,567,3468.17206437,0.211889421488,0.0162832552157,0.190193683815,0.0515257288614,0.259354950293
392,538,4206.75407838,0.20110311787,0.0165706447496,0.180348204139,0.0520733641486,0.254959152981
393,566,4880.04602242,0.202716601019,0.0112994061252,0.186191741861,0.0573896602487,0.260822390919
394,537,4676.40395528,0.196581708684,0.0132663763687,0.186191741861,0.0561926976829,0.25465472622
395,536,6311.38710394,0.189300998293,0.0127201795621,0.186191741861,0.0601139692047,0.253504345344
396,472,4962.37072506,0.198804190309,0.0101449006626,0.183755242775,0.0566897218598,0.258214970812
397,661,2158.575559,0.221415995543,0.0286271623973,0.183755242775,0.0268694925924,0.254662256842
398,660,1984.89281502,0.222424811833,0.0316786871489,0.183755242775,0.0250000089286,0.25439829335
399,637,2045.99864974,0.22203265312,0.0296887684,0.183755242775,0.0270015079813,0.255028664968
400,636,2319.03426135,0.217323833113,0.027168588408,0.183755242775,0.0333268732987,0.254101805714
401,635,2475.33709131,0.214274004646,0.0252201349971,0.183755242775,0.0369111087696,0.253422155975
402,662,2856.3433559,0.218827046909,0.0193727264599,0.183755242775,0.0417623870661,0.258238765415
403,310,1639.33811622,0.230266095365,0.0378292561386,0.184891667788,0.0211642291077,0.255453244747
404,309,1836.44480751,0.228348206174,0.0343100243075,0.18580862387,0.0209104158334,0.256299261348
405,346,569.18912782,0.28028800971,0.0599183542158,0.193512100344,-0.00753597157447,0.265658754054
406,406,2198.33944407,0.235493007106,0.0318386385516,0.193721686404,0.0294135063328,0.265869902699
407,435,3007.22649942,0.218028494013,0.0196188355171,0.191136606792,0.0447016935802,0.262171184053
408,405,2620.00797294,0.257712341135,0.0411404736418,0.202385107525,0.0268532511614,0.278417456061
409,376,1109.42196005,0.257381924521,0.0517867894958,0.196395982282,0.0126335236201,0.271996434984
410,377,2115.74070002,0.234628045306,0.0326724718615,0.192080016056,0.0280615035425,0.264270294949
411,422,3511.47424173,0.205018636069,0.0182211389911,0.179932268961,0.0486556787269,0.253727981851
412,393,3612.0039117,0.204401305122,0.0177058522216,0.180239171872,0.0488092755594,0.254003693971
413,444,4737.64013227,0.205501627963,0.0131616052302,0.180239171872,0.0530370130872,0.262858291879
414,415,3416.54386998,0.213408048994,0.0177384774315,0.180239171872,0.0473479888109,0.261975280591
415,445,4230.66231517,0.204306694971,0.0147658517471,0.180239171872,0.050264449655,0.259185759961
416,416,4371.29014618,0.208851372364,0.013899547942,0.180239171872,0.0522068609414,0.263768984702
417,494,3029.53269067,0.218963824597,0.0193077685805,0.192174185356,0.0441317257883,0.263384342171
418,523,3087.18452985,0.216336693838,0.0182520960107,0.192174185356,0.0466117614856,0.262030846561
419,347,1206.5576393,0.252515020229,0.0477027809317,0.192174185356,0.013257261623,0.267719175722
420,427,2136.18588089,0.227509175313,0.0317073330084,0.189060721397,0.0296884352237,0.259760794332
421,426,2356.77034678,0.217145639493,0.0279142974255,0.189060721397,0.0334614393646,0.254050066593
422,425,2379.31555085,0.215650112816,0.0277869156385,0.189060721397,0.0340719517763,0.253200904861
423,454,2576.54948072,0.211776211847,0.0253571648299,0.189060721397,0.0376685108535,0.252748333296
424,421,4932.82047334,0.196331086325,0.0170880614914,0.189060721397,0.0527718996034,0.252556390274
425,392,5183.02447672,0.195801738228,0.0154818360041,0.189060721397,0.0546741201122,0.253139021868
426,363,5300.14463872,0.194253488947,0.0148312306807,0.189060721397,0.0556762042769,0.252417767811
427,362,6158.15675951,0.188130559702,0.0138834000922,0.189060721397,0.0573174889012,0.251584566629
428,420,6140.92778124,0.189188186875,0.0141616848858,0.189060721397,0.0577718480314,0.252564802651
429,391,6190.54454401,0.188736346034,0.0138633964445,0.189060721397,0.058515053507,0.252455183643
430,228,3009.10171303,0.217721522967,0.0223164397371,0.189060721397,0.0420471666462,0.260178445157
431,340,1255.1711731,0.236272479218,0.0465781336016,0.181936707287,0.0130641212365,0.253695830722
432,339,1123.67862372,0.239749286232,0.043270045313,0.181971619556,0.0120115725481,0.25379278805
433,369,1671.46521704,0.231214136339,0.0384601683508,0.18578097491,0.0218306851906,0.256654248701
434,368,1750.94762523,0.228319372735,0.0370241718575,0.184600502536,0.0203172056115,0.255533305813
435,398,1826.0191206,0.229435303691,0.0362436604244,0.187217682716,0.0223963286964,0.258032210304
436,397,2068.51398383,0.221383241828,0.0316208456252,0.187217682716,0.0257565300202,0.253601519561
437,317,685.148133856,0.270714945378,0.05780141881,0.193016368391,-0.00332767761684,0.265631733822
438,334,5332.70848297,0.194427251824,0.0146831185765,0.193016368391,0.055980570881,0.252924364844
439,304,4717.57175173,0.195337162035,0.0149057658427,0.193016368391,0.054844760475,0.253389447883
440,274,4683.89438609,0.194962276303,0.0143738618855,0.193016368391,0.055171633742,0.253818368497
441,244,5378.72103484,0.19396050027,0.0144007431411,0.193016368391,0.0552430564892,0.252570672854
442,273,6369.76626134,0.186994456274,0.0131270423901,0.193016368391,0.0603330287075,0.251607907418
443,303,6337.18320917,0.187137241948,0.0132343133755,0.193016368391,0.0597658358044,0.251605573332
444,333,6315.95160182,0.187208438655,0.0132645722454,0.193016368391,0.0591800146791,0.251585572721
445,243,6349.81269797,0.18633605193,0.0131450841618,0.193016368391,0.0604610102726,0.250941690246
446,211,6353.93044585,0.18627429389,0.0131315218081,0.193016368391,0.0605989649188,0.250899013466
447,261,2669.82531558,0.223341764627,0.0247886975045,0.188881148375,0.0395629841888,0.261800073454
448,423,2970.16288081,0.212956382991,0.0215587865208,0.188881148375,0.0424322428055,0.256203321814
449,96,2507.16039643,0.226205560563,0.0263979212253,0.18914882064,0.0363073240775,0.262165407415
450,95,2829.7338229,0.218574141515,0.0231489941936,0.187484087538,0.0394551992397,0.25888678489
451,94,3269.99490012,0.210685223538,0.0181832951319,0.18649405755,0.046324377134,0.257787070199
452,424,2436.03813814,0.215236757313,0.0275374920185,0.18649405755,0.0349124482474,0.253446968066
453,453,2805.84258921,0.210937770738,0.0234987085808,0.18649405755,0.0409063492001,0.253659892837
454,396,2150.20278837,0.219869486022,0.0310187170738,0.18649405755,0.0285862177525,0.25406011326
455,378,2556.18754358,0.225450988722,0.026586053476,0.188865654313,0.0380069758533,0.262004932357
456,260,2269.86607456,0.237943201103,0.0337505659748,0.188865654313,0.0312550195113,0.268124112015
457,259,2619.8278255,0.240681714658,0.0340786630613,0.195151119518,0.0348473122124,0.272307210742
458,290,2834.84907283,0.231888830156,0.0264785164878,0.193273408151,0.0381566145752,0.267968068361
459,291,3304.13121413,0.210141698305,0.0187199527486,0.193273408151,0.0462485975375,0.257164729847
460,404,900.221697886,0.265098175446,0.0544541046436,0.195846012618,0.00287355706731,0.269407370765
461,463,2370.31017409,0.236976776189,0.0319334073778,0.195846012618,0.0307319815644,0.268500829267
462,434,2377.16127943,0.234960677955,0.0293462187526,0.193616531355,0.0330446507332,0.267048760515
463,464,3291.74380127,0.222451732097,0.0261293680013,0.192830346083,0.0442130035285,0.270721921646
464,194,2888.14234193,0.220384571545,0.0214486651221,0.190817619969,0.0441254867077,0.262993721228
465,356,4762.70605717,0.197032376513,0.013646089037,0.190817619969,0.0556760989079,0.256730549731
466,394,2976.00295471,0.213387939888,0.0223905154258,0.185184044278,0.0419666969444,0.256788969011
467,227,2782.59841227,0.218398698079,0.0247184384546,0.186515714836,0.038501287612,0.258159113445
468,223,1165.10366827,0.256131959228,0.0521902776596,0.194316996839,0.0115342540889,0.269445227388
469,224,1698.04524524,0.244763373091,0.0401908667249,0.194316996839,0.0263301747346,0.268696160967
470,191,1602.18672069,0.234390501016,0.0409866267229,0.186503535894,0.0192613608622,0.258217997377
471,160,2287.81968554,0.219627012513,0.0309522207308,0.182638267191,0.0288025781122,0.254446979061
472,192,2169.30986413,0.229282494122,0.0318626520814,0.189367900213,0.0295380968523,0.261176399927
473,161,2337.62251676,0.223733849659,0.027768240991,0.189367900213,0.0317954471381,0.258182892227
474,193,2552.46257925,0.226911824676,0.0274541076067,0.189549309627,0.0381641204232,0.263083245013
475,162,2748.57323998,0.218242826369,0.0235101942579,0.189549309627,0.0387876874279,0.257738882268
476,225,2029.24465295,0.240950907149,0.035871494999,0.189549309627,0.0323124724055,0.268207040236
477,326,4888.65907695,0.20195210286,0.0136933591086,0.18418943373,0.0571624293317,0.261975277378
478,296,4904.8647429,0.193652105558,0.0136233176835,0.18418943373,0.0550566274805,0.253886534863
479,446,4571.26848928,0.197110240417,0.0146191973355,0.18418943373,0.0555633214589,0.255898607979
480,407,2728.55498201,0.224606508534,0.0249059322057,0.190138368856,0.0398565485763,0.263753847847
481,308,2515.15011974,0.226386066755,0.0280928660859,0.190138368856,0.0337387313907,0.260779882433
482,307,2844.9942954,0.213780479853,0.0237058295853,0.190138368856,0.0393219072324,0.255496957022
483,338,1976.95801913,0.228238304312,0.032412165354,0.186790424592,0.0248669541673,0.258565342241
484,306,3090.51464004,0.20633841913,0.0220251969578,0.186790424592,0.0433361869046,0.253307227534
485,276,3451.75053448,0.203567884875,0.0200631891224,0.178058282345,0.0477564887121,0.253630241849
486,367,1934.18404022,0.225090922027,0.0346071883841,0.183690944351,0.0245844015635,0.255555410292
487,395,2293.76544799,0.218106067405,0.0307407086608,0.181454648973,0.0315460801632,0.254053015324
488,366,2397.09341793,0.220028924902,0.0282731089262,0.184081250612,0.0321245671469,0.255905748495
489,337,2701.39961612,0.219566723487,0.0248451657952,0.186106308383,0.0370152356186,0.257905683575
490,365,3068.1758862,0.209897378786,0.0212877881541,0.186106308383,0.0431983556811,0.255286244868
491,336,3048.32438185,0.209419913135,0.0218045407415,0.186106308383,0.0421069988956,0.254373623525
492,305,4040.40691943,0.199772017613,0.0193012581508,0.186106308383,0.0507907882462,0.25396858499
493,275,3771.82532496,0.20108713075,0.0203153053904,0.186106308383,0.0482707135916,0.253247870446
494,335,3798.45227913,0.201542364085,0.0188740351527,0.177666425368,0.0497814264737,0.25383945612
495,364,3847.02188847,0.201232401012,0.0185663226308,0.177743566512,0.0505897388675,0.253916710847
496,245,4846.65965206,0.196358168072,0.0184712967289,0.177743566512,0.0504471210483,0.252874337767
497,475,4792.00189131,0.19697075847,0.0130305998101,0.177743566512,0.0567109085093,0.257156222632
498,659,2491.6638891,0.220660458902,0.0253805399268,0.177743566512,0.0353553724547,0.257367284192
499,684,2501.49776722,0.22905681775,0.0239580626369,0.177743566512,0.035274284471,0.26465758117
500,682,3360.25881429,0.215914648785,0.0187125942297,0.177743566512,0.0472606245185,0.265563455479
501,683,3773.67480336,0.210651279297,0.0158295619504,0.177743566512,0.0519795235333,0.263584411751
502,316,1107.81224562,0.25454028145,0.0520284785328,0.193329558823,0.0101349219612,0.267798227722
503,433,1661.62974126,0.2495823829,0.0463359513615,0.193321246703,0.0227585993761,0.270407414473
504,246,4673.86612628,0.197950625344,0.0194879277842,0.193321246703,0.0526246949321,0.253789980182
505,226,2605.83039567,0.224843298987,0.0285428618685,0.190413549902,0.036555270532,0.265226362716
506,277,3248.45265218,0.207266964675,0.0203033814658,0.190413549902,0.045786861642,0.255270280513
507,443,3760.46259791,0.209417522226,0.0159505922821,0.190413549902,0.0514398305786,0.263377359907
508,473,5089.35391081,0.196694593949,0.0105674905957,0.190413549902,0.0601508921096,0.259635705238
509,278,2841.91772408,0.213984081883,0.0236584595021,0.190413549902,0.0401648497604,0.257805212604
510,280,2206.32176583,0.224178748282,0.0306342000441,0.185305372427,0.0293871572069,0.258266178068
511,400,1466.54717497,0.247843639825,0.0459909134504,0.19281611181,0.0205730838529,0.268219988207
512,401,1669.44916496,0.249386635573,0.0427351886474,0.196301526413,0.0263276400746,0.272161789285
513,430,1997.58521409,0.248721985246,0.0419400328209,0.1935429973,0.0293682759988,0.270444091079
514,429,2011.11318603,0.227791161204,0.0361515383038,0.185743824642,0.0270432653447,0.258702675212
515,428,2084.8699952,0.235821941959,0.0360165186154,0.190281933143,0.0321939518291,0.265433453133
516,279,2525.36316768,0.219158971185,0.026794145827,0.190281933143,0.0351874424187,0.258894008699
517,207,4267.68750001,0.206450248171,0.0142724748838,0.190281933143,0.0527942720727,0.263930585773
518,176,4652.49084189,0.196043391699,0.0152478040831,0.190281933143,0.0553672301497,0.255370732922
519,239,4176.99450115,0.206919326478,0.015224240541,0.190281933143,0.0541373678947,0.263928445497
520,208,4959.78832311,0.202895810271,0.0114771938281,0.186875412695,0.0603321549412,0.265157274153
521,240,5057.086797,0.197626655935,0.0126496041386,0.186875412695,0.0598343214613,0.2606950861
522,271,4775.60388974,0.197389932827,0.0134108225275,0.186875412695,0.0572375405282,0.258691175029
523,272,6143.97009281,0.188855014271,0.0132033691762,0.186875412695,0.060033778436,0.253979143925
524,710,3618.17491687,0.210866217958,0.0172858105662,0.186875412695,0.0512177129221,0.264241423716
525,708,3857.77438803,0.214444867939,0.0149857074667,0.18844852906,0.0536581793764,0.269715002211
526,709,3963.20731127,0.209797576763,0.0146669345516,0.18844852906,0.0545308369627,0.26559727144
527,707,3771.90996374,0.213262059045,0.0156224714987,0.18844852906,0.0518813160354,0.267851071349
528,214,4720.01701432,0.197924602026,0.0191504505568,0.18844852906,0.0528599282319,0.254719591821
529,250,2761.32608678,0.222690491009,0.0249667248928,0.19064377956,0.0395800173985,0.26636837688
530,248,3408.93870925,0.209672718247,0.0183605339258,0.19064377956,0.0499452091384,0.2606843566
531,249,3466.33543751,0.211336709116,0.017704959877,0.19064377956,0.0509152306993,0.263037126155
532,247,3584.96648867,0.20657896453,0.0156773455778,0.184660201521,0.05292900769,0.259767418648
533,557,6199.02716106,0.187806081613,0.0128453864069,0.175130976203,0.0587215555571,0.253668587707
534,499,6359.41508991,0.187331979769,0.012051444888,0.1753685417,0.0591788937986,0.253938067018
535,527,6467.57825445,0.186177539521,0.0126794199551,0.1753685417,0.0611654989959,0.253307265663
536,498,6451.81307777,0.185530372647,0.0105511920472,0.1753685417,0.0625204963663,0.253997490779
537,500,6300.67224223,0.188413122606,0.0110853680832,0.1753685417,0.0608152484697,0.255308910624
538,402,872.396445396,0.269681432309,0.0600543885449,0.195802002235,0.00225473467217,0.272724476484
539,431,1317.96911326,0.265765731965,0.0517338576235,0.200750705559,0.0190911889348,0.283199345794
540,460,1986.22857416,0.24228952041,0.0360775732354,0.194422634687,0.0335935119908,0.271135981593
541,348,2355.07431554,0.241740757811,0.0370897754806,0.193889050274,0.0332434774301,0.273282157679
542,349,2682.44114677,0.224253380334,0.026622317124,0.190919329247,0.0384976553707,0.268148322205
543,320,2844.52162571,0.22309920114,0.0231170700802,0.186921871527,0.0441675113441,0.271106170184
544,350,3106.11232236,0.215514603595,0.0215297001128,0.186921871527,0.0457425187452,0.263963199869
545,370,1407.28796125,0.257933351001,0.0499096982749,0.192463853341,0.0154000590794,0.27306326237
546,399,1511.53792789,0.252206333905,0.0466773400126,0.19331570883,0.0210955789535,0.272415734543
547,417,5971.18659842,0.189351019524,0.0151680856665,0.19331570883,0.0612659350715,0.256156237291
548,371,1142.32449837,0.25775527574,0.0546786830752,0.191804124458,0.0105693640343,0.271362167637
549,372,1669.20772728,0.250038970071,0.0452927922282,0.193420972237,0.0256002450066,0.273743937732
550,342,756.981197467,0.272143579202,0.0602781459021,0.190399234021,-0.00116961305061,0.270293096989
551,341,1245.02209238,0.257213254965,0.0482702486056,0.187138800898,0.0123110702261,0.271197883645
552,312,1426.04866907,0.254827143606,0.046122782429,0.186872404194,0.0182916897366,0.272814546751
553,311,1653.55182806,0.245822625062,0.0424708509499,0.189776804586,0.0242123546427,0.269672723797
554,343,1650.80486047,0.251741782263,0.0461124059285,0.193930313388,0.0250911776508,0.274716156418
555,447,6173.84682352,0.187743179298,0.0140752889478,0.193930313388,0.0632478698843,0.256217804054
556,418,6201.15428057,0.187446856451,0.0138237560138,0.193930313388,0.0630908678967,0.256043805035
557,319,2104.48768094,0.234129464009,0.0345305247391,0.191535623881,0.0357431128479,0.272190958971
558,318,1421.50515853,0.255532377785,0.0468887306913,0.1926973301,0.0177061299026,0.273694460808
559,288,1480.67181558,0.260370628752,0.0490722636433,0.194672435549,0.0204587992822,0.278100805359
560,258,2247.80549759,0.238275090217,0.0352612080048,0.194852614109,0.0386509487106,0.278417153479
561,289,2045.40489656,0.244721285674,0.0371777070365,0.196260823843,0.0332361666811,0.280435304064
562,50,3593.36563516,0.209062671251,0.0138726718807,0.196260823843,0.0562984126458,0.266697214923
563,403,860.052756147,0.272353972433,0.0629477015005,0.193519327024,0.00174467098844,0.274854743268
564,375,685.870441833,0.279212280442,0.0644356308022,0.196024702766,-0.00333213877159,0.274575955414
565,345,1323.4961838,0.257751103265,0.053408754905,0.193047058289,0.0156571789992,0.274247294563
566,374,1436.18221737,0.259283721278,0.0503710541437,0.19596513662,0.0166627018433,0.274525177971
567,373,1659.18557428,0.256639959658,0.0467091326201,0.196601158596,0.0215999083577,0.275286934627
568,432,2113.57114773,0.248798345982,0.0479633281107,0.198091748918,0.0231158924225,0.283043951277
569,51,3588.47031263,0.207904842874,0.0137231844086,0.198091748918,0.0564671736601,0.265719247934
570,79,3562.37096184,0.208351466112,0.0152130040888,0.198091748918,0.0564597575312,0.265902717413
571,54,2788.79118768,0.222859779124,0.02286023871,0.192552163639,0.0429797489875,0.272979779097
572,23,4667.47201239,0.197402855831,0.0154691719336,0.176776492581,0.057135734274,0.257322375248
573,52,5913.47279246,0.208040187518,0.017438047456,0.194243270331,0.0552924818259,0.278483150356
574,24,4264.82843058,0.201090755599,0.0121717840027,0.194243270331,0.0558804048499,0.262552836982
575,80,4587.41623512,0.211356761859,0.016551684792,0.194243270331,0.0520496932657,0.273784811018
576,53,4751.21338658,0.212950212219,0.0144883774239,0.194243270331,0.0537105355731,0.277172708331
577,81,6161.97531673,0.20791091025,0.015501601369,0.195005097059,0.0585191495143,0.27968178997
578,26,4928.92875666,0.197798841389,0.00856613873803,0.183876133978,0.063625235477,0.264816460125
579,111,4469.27272285,0.198518890335,0.0140944602696,0.180624972246,0.0584976246879,0.262576274014
580,25,4881.94275428,0.197595965869,0.00882493107609,0.183413974148,0.0623786662645,0.264230126528
581,82,4502.93928849,0.198151018691,0.0138625217995,0.180181145355,0.0592481835194,0.261833611864
582,287,1512.18145662,0.260075882179,0.0472816602736,0.196410471252,0.0175206274224,0.275535167871
583,218,2765.64714359,0.217010890989,0.024225244556,0.186834228797,0.0421387122145,0.265063272784
584,186,2936.31319063,0.210339507477,0.0227745679674,0.186834228797,0.0449606633923,0.259497194671
585,217,3496.26972264,0.208391300727,0.0175639699336,0.186834228797,0.0527105670575,0.263524342489
586,216,3745.62707242,0.205533701455,0.0160710477299,0.183778473762,0.0550166123259,0.263250897136
587,215,3763.45150365,0.203904641152,0.0176355610897,0.180829784397,0.0547087102389,0.26122367602
588,185,3617.02057793,0.20589543712,0.0164103562269,0.183019070002,0.0546609823033,0.262161150015
589,184,3846.88372774,0.200525179475,0.0196492234057,0.183019070002,0.055539891923,0.259038666251
590,183,4936.84846637,0.19421287619,0.0109102307766,0.179046681105,0.062878700404,0.260648039808
591,182,4750.8108233,0.197422294305,0.0189257368427,0.179046681105,0.0564549432143,0.258293977867
592,152,5632.82065064,0.19308588293,0.0120661635455,0.179046681105,0.0627370019057,0.258350206772
593,151,5616.88235975,0.192559195264,0.0123420256788,0.179046681105,0.0631083257778,0.259162188645
594,181,4793.84270213,0.197788068227,0.0186905993291,0.179046681105,0.0574972983271,0.2590836046
595,150,5694.82865848,0.190214521198,0.0124191441727,0.179046681105,0.0618158608771,0.256944181065
596,255,572.317763958,0.286111912867,0.0651638072279,0.193413727015,-0.00879896067153,0.272611888295
597,285,1008.54694048,0.26387784534,0.0565235993766,0.190936048212,0.00627658141747,0.272672900309
598,286,1209.11267828,0.260194097146,0.0518998149709,0.194207687346,0.0115625947566,0.273490125464
599,256,1105.43413688,0.25947342965,0.0527996131001,0.19294183539,0.0115681720698,0.273944551849
600,257,1846.34012545,0.249103142674,0.0434833531703,0.192744520226,0.0282395062417,0.27687452294
601,222,1587.72969339,0.261585319181,0.0449117060021,0.196894263719,0.0169221413659,0.276977207
602,190,1917.8424843,0.237321909842,0.0363036555246,0.190756579777,0.0282751307344,0.270246320518
603,189,1727.54898304,0.243999351399,0.041681750226,0.189003126943,0.0240537627656,0.27033968317
604,159,2486.93846166,0.221429835305,0.0279762697682,0.187563374991,0.0372142285164,0.26629754435
605,158,2885.70357029,0.220611759026,0.0246824271297,0.190630180846,0.0410669831283,0.27247066627
606,281,1914.17146643,0.229797094109,0.0371091331032,0.184027746802,0.0271346223696,0.262586621228
607,284,1525.41622161,0.260405772584,0.0481480256373,0.184027746802,0.0165820555906,0.275779763579
608,254,1245.7657495,0.266406463218,0.0539510340275,0.193732454222,0.0132577669492,0.27998434928
609,313,1427.05811124,0.251973030493,0.0474505387634,0.193732454222,0.018049343573,0.270694597213
610,283,1783.27812445,0.24683748846,0.041394656949,0.191606697321,0.0277033104191,0.274948919926
611,282,1917.60548167,0.231291986858,0.0370374410911,0.185885671883,0.0291343151661,0.265172415655
612,252,2093.7494232,0.225590816875,0.0352814455603,0.184037551536,0.028613740952,0.26267304153
613,251,2293.16985068,0.222865124803,0.030764625334,0.186088625196,0.0352742606917,0.26546169952
614,628,2871.81623641,0.211311478522,0.02160703755,0.186088625196,0.0473850574946,0.262742645811
615,652,2984.15199733,0.21790802873,0.0210428897562,0.186088625196,0.0508329929256,0.271437007767
616,315,1082.30457935,0.254578024032,0.0540817232656,0.186143690363,0.00805029702947,0.267149545284
617,314,1355.03353937,0.248898700673,0.0494082035879,0.18783874465,0.0155824401,0.269451950538
618,344,1646.88395232,0.24020011778,0.0470284855302,0.187778832111,0.0243542306347,0.269118032942
619,8,3258.00537545,0.206574709402,0.0180229129678,0.187778832111,0.0536009165407,0.264095584793
620,253,1702.84302892,0.245289269561,0.0425185562829,0.192331978285,0.0258794545575,0.278184835066
621,221,1616.38078119,0.242256363384,0.0434901527615,0.188880974807,0.026607928447,0.276483568366
622,220,2033.42299237,0.226436625416,0.0349347263743,0.184924626217,0.0313150499521,0.268331759483
623,188,2279.64554721,0.22428386089,0.0310282814751,0.187180640354,0.036768353372,0.271537130338
624,157,2896.79226913,0.215065852502,0.0223101124201,0.186465793184,0.0476773441544,0.270519605994
625,219,2568.31597083,0.218014217426,0.02668993559,0.185616523101,0.0439471150156,0.269402109797
626,126,3011.18309849,0.208214176872,0.0205584881038,0.185616523101,0.051288884582,0.264109744139
627,187,2646.04717988,0.215354230494,0.0263652707392,0.18414854643,0.0445166541589,0.267206324411
628,156,3279.5555531,0.207550781116,0.0175733775505,0.18414854643,0.0533278530716,0.265856990735
629,125,3408.69982356,0.205461686201,0.0162821029944,0.18414854643,0.0568031227263,0.265549071296
630,155,3673.60726572,0.202112048102,0.0147901608055,0.18414854643,0.058889371017,0.264523176947
631,124,4247.25698872,0.199423129417,0.0131377259356,0.18414854643,0.0598258469283,0.265561435982
632,177,4481.55606731,0.202341915211,0.0124396814002,0.18414854643,0.066142742294,0.276348277532
633,178,4180.19997142,0.203489970704,0.0149729864638,0.18414854643,0.0629984576908,0.274341173168
634,179,4533.50491364,0.19847752219,0.0147373411147,0.18414854643,0.0656492431098,0.270836036575
635,210,5611.98498606,0.192377263509,0.0152696613865,0.18414854643,0.0639311277284,0.26535938461
636,209,5017.14579894,0.198669606236,0.0130554652447,0.18414854643,0.0702932276726,0.275697595152
637,34,4852.3299332,0.19757146925,0.00809685167546,0.18414854643,0.0731132754769,0.275942487715
638,213,4834.7980568,0.194856985586,0.0142510686981,0.18414854643,0.0762439892094,0.276457525495
639,2,3201.48196665,0.214680592497,0.020380372347,0.18414854643,0.0613334923257,0.283907863823
640,1,3211.53989495,0.213781615807,0.0203494737488,0.18414854643,0.0618903557727,0.283080605771
641,28,4278.92010016,0.205685401237,0.0160652189584,0.18414854643,0.0683236947568,0.284699604613
642,29,3994.6254737,0.202731917709,0.013451361378,0.18414854643,0.0699893299337,0.279054165616
643,3,4916.18317327,0.19874285654,0.00886128013603,0.18414854643,0.0792856151228,0.281943087347
644,30,5363.92278867,0.198076214772,0.00908325267328,0.18414854643,0.0787879412471,0.283966911906
645,57,4973.53988838,0.198965847545,0.00906723562335,0.18414854643,0.0798424776716,0.282721003639
646,7,4663.85418846,0.196450045527,0.0108613057713,0.181127638305,0.077778244206,0.278357326371
647,6,4863.05388853,0.195484496966,0.0110227270703,0.179921750132,0.0780094231803,0.278495147793
648,33,4900.46630799,0.195921004716,0.00941960707387,0.181841232094,0.0790662421885,0.279302214527
649,4,4891.70692919,0.194780016762,0.0110971135065,0.179371243481,0.0780411620423,0.277814859327
650,118,5012.12045169,0.19316993636,0.0120797050397,0.179371243481,0.0790668710035,0.276681949651
651,5,4939.25750937,0.19446708894,0.0121555298393,0.179371243481,0.0777328960622,0.277083064155
652,32,4969.6941182,0.193895564899,0.0119552016802,0.179371243481,0.0788252795909,0.276577632705
653,58,5531.53246002,0.193298865268,0.0120740435418,0.179371243481,0.0788440940041,0.275622279108
654,31,5609.97088295,0.191529196163,0.0122457509711,0.179371243481,0.0792407611449,0.27348220261
655,212,5659.45053763,0.19161960872,0.0145465162986,0.179371243481,0.0787092963912,0.27409522098
656,149,6548.26315624,0.188139871909,0.00709727418841,0.179371243481,0.0838096250109,0.275961093598
